Stock,Stock,Stock,Stock,Stock,Stock,Stock,Stock
AAPL,2012,1,3,58.485714,58.92857,58.42857,58.747143
AAPL,2012,1,4,58.57143,59.240002,58.468571,59.062859
AAPL,2012,1,5,59.278572,59.792858,58.952858,59.718571
AAPL,2012,1,6,59.967144,60.392857,59.888573,60.342857
AAPL,2012,1,9,60.785713,61.107143,60.192856,60.247143
AAPL,2012,1,10,60.844284,60.857143,60.214287,60.462856
AAPL,2012,1,11,60.382858,60.407143,59.901428,60.364285
AAPL,2012,1,12,60.325714,60.414288,59.82143,60.19857
AAPL,2012,1,13,59.957142,60.064285,59.808571,59.972858
AAPL,2012,1,17,60.599998,60.855713,60.422855,60.671429
AAPL,2012,1,18,60.994286,61.352856,60.900002,61.30143
AAPL,2012,1,19,61.450001,61.624287,60.93,61.107143
AAPL,2012,1,20,61.07,61.07143,59.964287,60.042858
AAPL,2012,1,23,60.381428,61.207142,60.328571,61.058571
AAPL,2012,1,24,60.728573,60.728573,59.935715,60.058571
AAPL,2012,1,25,64.919998,64.921425,63.389999,NaN
AAPL,2012,1,26,64.05143,64.112854,63.305714,63.51857
AAPL,2012,1,27,63.477142,64.068573,63.395714,63.897144
AAPL,2012,1,30,63.672855,64.842857,63.627144,64.715714
AAPL,2012,1,31,65.084282,65.46286,64.724289,65.211426
AAPL,2012,2,1,65.487144,65.57,65.078575,65.169998
AAPL,2012,2,2,65.128571,65.309998,64.854286,NaN
AAPL,2012,2,3,65.328575,65.714287,65.080002,65.668571
AAPL,2012,2,6,65.482857,66.425713,65.457146,66.281425
AAPL,2012,2,7,66.464287,67.10714,66.368568,66.975716
AAPL,2012,2,8,67.214287,68.112854,67.099998,68.097145
AAPL,2012,2,9,68.68,70.964287,68.651428,70.452858
AAPL,2012,2,10,70.137146,71.08857,69.792854,70.488571
AAPL,2012,2,13,71.361427,71.975716,71.012856,71.800003
AAPL,2012,2,14,72.094284,72.794289,71.714287,72.779999
AAPL,2012,2,15,73.465714,75.184288,70.984283,71.095711
AAPL,2012,2,16,70.214287,72.127144,69.51857,71.744286
AAPL,2012,2,17,71.872856,72.538574,71.471428,NaN
AAPL,2012,2,21,72.41143,73.550003,72.017143,73.550003
AAPL,2012,2,22,73.297142,73.641426,72.724289,73.291428
AAPL,2012,2,23,73.582855,73.975716,72.785713,73.769997
AAPL,2012,2,24,74.238571,74.699997,74.091431,74.629997
AAPL,2012,2,27,74.472855,75.5,73.754288,75.108574
AAPL,2012,2,28,75.422859,76.487144,75.121429,76.487144
AAPL,2012,2,29,77.365715,78.230003,76.528572,77.491432
AAPL,2012,3,1,78.309998,78.315712,76.96714,77.781425
AAPL,2012,3,2,77.748573,78.114288,77.502853,77.882858
AAPL,2012,3,5,77.917145,78.211426,75.14286,76.165718
AAPL,2012,3,6,74.808571,76.241432,73.745712,75.751427
AAPL,2012,3,7,76.685715,76.825714,74.757141,75.812859
AAPL,2012,3,8,76.384285,77.57,76.017143,77.427139
AAPL,2012,3,9,77.744286,78.248573,77.587143,77.881432
AAPL,2012,3,12,78.425713,78.85714,78.14286,78.85714
AAPL,2012,3,13,79.648575,81.168571,79.39286,81.157143
AAPL,2012,3,14,82.578575,84.959999,82.199997,84.225716
AAPL,2012,3,15,NaN,NaN,NaN,NaN
AAPL,2012,3,16,83.531425,84.171425,82.571426,83.652855
AAPL,2012,3,19,85.48143,85.96714,84.150002,85.871429
AAPL,2012,3,20,85.644287,86.699997,84.497147,86.565712
AAPL,2012,3,21,86.105713,87.092857,85.915718,86.071426
AAPL,2012,3,22,85.397141,86.35714,85.075714,85.620003
AAPL,2012,3,23,85.784286,85.971428,84.914284,85.150002
AAPL,2012,3,26,85.684288,86.735718,85.03714,86.711426
AAPL,2012,3,27,86.597145,88.040001,86.580002,87.78286
AAPL,2012,3,28,88.339996,88.778572,87.187141,88.23143
AAPL,2012,3,29,87.540001,88.080002,86.747147,87.122856
AAPL,2012,3,30,86.96714,87.222855,85.419998,85.650002
AAPL,2012,4,2,85.975716,88.395714,85.76857,88.375717
AAPL,2012,4,3,89.614288,90.315712,88.93,89.902855
AAPL,2012,4,4,89.192856,89.408569,88.14286,89.187141
AAPL,2012,4,5,89.568573,90.665718,89.057144,90.525711
AAPL,2012,4,9,89.447144,91.405716,89.328575,90.889999
AAPL,2012,4,10,91.418571,92,89.428574,89.777145
AAPL,2012,4,11,90.885712,90.98143,89.048569,89.457146
AAPL,2012,4,12,89.285713,90.190002,88.64286,88.96714
AAPL,2012,4,13,89.158569,89.242859,86.215714,86.461426
AAPL,2012,4,16,87.151428,87.182854,82.60714,82.875717
AAPL,2012,4,17,82.705711,87.14286,81.701431,87.099998
AAPL,2012,4,18,87.674286,88.60714,86.101425,86.905716
AAPL,2012,4,19,85.745712,86.389999,83.502853,83.919998
AAPL,2012,4,20,84.482857,84.945717,81.488571,81.854286
AAPL,2012,4,23,81.515717,82.381432,79.517143,81.671425
AAPL,2012,4,24,80.372856,81.098572,79.285713,80.040001
AAPL,2012,4,25,87.94857,88.285713,86.571426,87.14286
AAPL,2012,4,26,87.752853,87.812859,86.01857,86.814285
AAPL,2012,4,27,86.438568,86.597145,85.785713,86.14286
AAPL,2012,4,30,85.400002,85.485718,83.285713,83.425713
AAPL,2012,5,1,83.557144,85.251427,83.03286,83.16143
AAPL,2012,5,2,82.891426,83.914284,82.694283,83.711426
AAPL,2012,5,3,84.35714,84.485718,82.900002,83.117142
AAPL,2012,5,4,82.440002,82.622856,80.738571,80.75
AAPL,2012,5,7,80.214287,81.824287,80.175713,NaN
AAPL,2012,5,8,81.368568,81.64286,79.818573,81.168571
AAPL,2012,5,9,80.528572,81.997147,80.121429,81.311432
AAPL,2012,5,10,82.082855,82.26857,81.205711,81.502853
AAPL,2012,5,11,80.714287,82.067146,80.621429,80.958572
AAPL,2012,5,14,80.367142,81.072861,79.657143,79.745712
AAPL,2012,5,15,80.207146,80.459999,78.821426,79.024284
AAPL,2012,5,16,79.150002,79.555717,77.291428,78.011429
AAPL,2012,5,17,77.901428,78.214287,75.73143,75.73143
AAPL,2012,5,18,76.279999,77.629997,74.597145,75.76857
AAPL,2012,5,21,76.35714,80.220001,76.292854,80.182854
AAPL,2012,5,22,81.364288,81.982857,78.940002,79.567146
AAPL,2012,5,23,79.64286,81.828575,79.03286,81.508568
AAPL,2012,5,24,82.267143,82.35714,80.175713,80.760002
AAPL,2012,5,25,80.655716,80.835716,79.781425,80.327141
AAPL,2012,5,29,81.557144,82,80.758568,81.752853
AAPL,2012,5,30,81.314285,82.855713,80.937141,82.738571
AAPL,2012,5,31,82.96286,83.071426,81.637146,82.53286
AAPL,2012,6,1,81.308571,81.807144,80.074287,80.141426
AAPL,2012,6,4,80.214287,81.071426,78.35714,80.612854
AAPL,2012,6,5,80.181427,80.924286,79.761429,80.404289
AAPL,2012,6,6,81.110001,81.978569,80.785713,81.637146
AAPL,2012,6,7,82.470001,82.474289,81.5,81.674286
AAPL,2012,6,8,81.657143,82.940002,81.285713,82.902855
AAPL,2012,6,11,83.959999,84.071426,81.51857,81.595711
AAPL,2012,6,12,82.065712,82.374283,80.957146,82.308571
AAPL,2012,6,13,82.074287,82.639999,81.482857,81.737144
AAPL,2012,6,14,81.605713,81.928574,81.03714,81.647141
AAPL,2012,6,15,81.571426,82.08857,81.364288,82.01857
AAPL,2012,6,18,81.565712,83.984283,81.48143,83.682854
AAPL,2012,6,19,83.342857,84.285713,83.300003,83.915718
AAPL,2012,6,20,84.029999,84.178574,82.971428,NaN
AAPL,2012,6,21,83.634285,84.031425,82.491432,NaN
AAPL,2012,6,22,82.720001,83.169998,82.202858,83.157143
AAPL,2012,6,25,82.471428,82.828575,81.48143,81.538574
AAPL,2012,6,26,81.618568,82.07,81.047142,81.718575
AAPL,2012,6,27,82.14286,82.391426,81.702858,82.071426
AAPL,2012,6,28,81.667145,82,80.80143,NaN
AAPL,2012,6,29,82.571426,83.428574,82.035713,83.428574
AAPL,2012,7,2,83.53286,84.781425,83.371429,84.645714
AAPL,2012,7,3,84.982857,85.714287,84.85714,85.629997
AAPL,2012,7,5,85.794289,87.762856,85.664284,87.134285
AAPL,2012,7,6,86.727142,86.919998,85.940002,86.554283
AAPL,2012,7,9,86.471428,87.699997,86.30143,87.69857
AAPL,2012,7,10,88.281425,88.552856,86.472855,86.887146
AAPL,2012,7,11,86.58857,86.808571,85.317146,86.347145
AAPL,2012,7,12,85.748573,86.209999,84.668571,85.557144
AAPL,2012,7,13,86.135712,86.741432,85.714287,NaN
AAPL,2012,7,16,86.445717,87.374283,86.431427,86.701431
AAPL,2012,7,17,87.255714,87.35714,86.164284,86.705711
AAPL,2012,7,18,86.655716,86.905716,86.222855,86.608574
AAPL,2012,7,19,87.325714,87.907143,86.571426,87.760002
AAPL,2012,7,20,87.575714,87.777145,86.242859,86.328575
AAPL,2012,7,23,84.914284,86.557144,83.958572,86.261429
AAPL,2012,7,24,86.76857,87.097145,85.501427,85.845711
AAPL,2012,7,25,82.065712,82.971428,81.428574,82.138573
AAPL,2012,7,26,82.822861,82.914284,81.480003,82.125717
AAPL,2012,7,27,82.144287,83.690002,81.655716,83.594284
AAPL,2012,7,30,84.417145,85.634285,83.974289,85.004288
AAPL,2012,7,31,86.175713,87.385712,86.102859,87.251427
AAPL,2012,8,1,87.987144,88.057144,86.14286,86.687141
AAPL,2012,8,2,86.120003,87.241432,85.75,86.827141
AAPL,2012,8,3,87.66143,88.28286,87.365715,87.957146
AAPL,2012,8,6,88.184288,89.267143,87.894287,88.935715
AAPL,2012,8,7,88.96714,89.285713,88.291428,88.701431
AAPL,2012,8,8,88.484283,89.125717,88.157143,88.55143
AAPL,2012,8,9,88.264282,88.818573,88.257141,88.675713
AAPL,2012,8,10,88.387146,88.822861,88.385712,88.814285
AAPL,2012,8,13,89.055717,90,89.035713,90
AAPL,2012,8,14,90.267143,91.230003,90.029999,90.241432
AAPL,2012,8,15,90.185715,90.571426,89.678574,90.118568
AAPL,2012,8,16,90.172859,90.965714,90.071426,90.905716
AAPL,2012,8,17,91.428574,92.598572,91.258568,92.587143
AAPL,2012,8,20,92.858574,95.021431,92.842857,95.021431
AAPL,2012,8,21,95.831429,96.41143,92.904289,93.722855
AAPL,2012,8,22,93.488571,95.571426,92.587143,95.552856
AAPL,2012,8,23,95.158569,95.699997,94.449997,94.66143
AAPL,2012,8,24,94.215714,95.639999,93.650002,94.745712
AAPL,2012,8,27,97.141426,97.267143,96.220001,96.525711
AAPL,2012,8,28,96.425713,96.585716,95.809998,96.400002
AAPL,2012,8,29,96.464287,96.809998,96.085716,96.209999
AAPL,2012,8,30,95.805717,95.935715,94.692856,94.83857
AAPL,2012,8,31,95.321426,95.514282,93.89286,95.034286
AAPL,2012,9,4,95.108574,96.44857,94.928574,96.424286
AAPL,2012,9,5,96.510002,96.621429,95.657143,95.747147
AAPL,2012,9,6,96.167145,96.898575,95.828575,96.610001
AAPL,2012,9,7,96.864288,97.497147,96.538574,97.205711
AAPL,2012,9,10,97.207146,97.612854,94.585716,94.677139
AAPL,2012,9,11,95.015717,95.728569,93.785713,94.370003
AAPL,2012,9,12,95.264282,95.699997,93.714287,95.684288
AAPL,2012,9,13,96.767143,97.928574,96.395714,97.568573
AAPL,2012,9,14,98.565712,99.568573,98.269997,98.754288
AAPL,2012,9,17,99.907143,99.971428,99.230003,99.968575
AAPL,2012,9,18,99.982857,100.332855,99.488571,100.272858
AAPL,2012,9,19,100.03714,100.57,99.938568,100.300003
AAPL,2012,9,20,99.879997,100.008568,99.08857,99.814285
AAPL,2012,9,21,100.344284,100.724289,99.908569,100.012856
AAPL,2012,9,24,98.122856,99.302856,97.571426,98.684288
AAPL,2012,9,25,98.322861,98.968575,96.14286,96.220001
AAPL,2012,9,26,95.534286,96.098572,94.457146,95.025711
AAPL,2012,9,27,94.898575,97.452858,94.335716,97.331429
AAPL,2012,9,28,96.964287,97.30143,95.25,95.300003
AAPL,2012,10,1,95.879997,96.678574,93.785713,94.19857
AAPL,2012,10,2,94.544289,95.192856,92.949997,94.472855
AAPL,2012,10,3,94.980003,95.980003,94.66143,95.921425
AAPL,2012,10,4,95.89286,96.321426,95.078575,95.257141
AAPL,2012,10,5,95.028572,95.14286,93.040001,93.227142
AAPL,2012,10,8,92.41143,92.508568,90.872856,91.167145
AAPL,2012,10,9,91.235718,91.498573,89.078575,90.835716
AAPL,2012,10,10,91.391426,92.139999,91,91.558571
AAPL,2012,10,11,92.35714,92.457146,89.728569,89.728569
AAPL,2012,10,12,89.937141,90.76857,89.328575,89.958572
AAPL,2012,10,15,90.335716,90.732857,89.121429,90.68
AAPL,2012,10,16,90.767143,92.900002,90.14286,92.827141
AAPL,2012,10,17,92.695717,93.255714,92,92.087143
AAPL,2012,10,18,91.370003,91.722855,90,90.377144
AAPL,2012,10,19,90.150002,90.252853,87.08857,87.120003
AAPL,2012,10,22,87.488571,90.76857,87.251427,90.575714
AAPL,2012,10,23,NaN,NaN,NaN,NaN
AAPL,2012,10,24,88.777145,89.507141,87.234283,88.118568
AAPL,2012,10,25,88.571426,88.85714,86.507141,NaN
AAPL,2012,10,26,87.061432,87.714287,84.428574,86.285713
AAPL,2012,10,31,84.982857,85.994286,83.957146,85.045715
AAPL,2012,11,1,85.459999,86.14286,84.881432,85.220001
AAPL,2012,11,2,85.127144,85.278572,82.10714,82.400002
AAPL,2012,11,5,83.360001,83.96714,82.514282,83.517143
AAPL,2012,11,6,84.318573,84.391426,82.870003,83.264282
AAPL,2012,11,7,81.977142,82.077141,79.39286,79.714287
AAPL,2012,11,8,80.089996,80.318573,76.470001,76.821426
AAPL,2012,11,9,77.202858,79.26857,76.245712,78.151428
AAPL,2012,11,12,79.164284,79.214287,76.949997,77.547142
AAPL,2012,11,13,76.987144,78.639999,76.622856,77.557144
AAPL,2012,11,14,77.928574,78.207146,76.597145,76.697144
AAPL,2012,11,15,76.790001,77.071426,74.660004,75.08857
AAPL,2012,11,16,75.028572,75.714287,72.25,75.382858
AAPL,2012,11,19,77.244286,81.071426,77.125717,80.818573
AAPL,2012,11,20,81.701431,81.707146,79.225716,80.129997
AAPL,2012,11,21,80.60714,81.052856,79.514282,NaN
AAPL,2012,11,23,81.024284,81.714287,80.371429,81.64286
AAPL,2012,11,26,82.271431,84.285713,81.958572,84.218575
AAPL,2012,11,27,84.221428,84.345711,82.871429,83.540001
AAPL,2012,11,28,82.46714,83.685715,81.751427,83.277145
AAPL,2012,11,29,84.317146,84.89286,83.60714,84.194283
AAPL,2012,11,30,83.827141,84.057144,83.239998,83.611427
AAPL,2012,12,3,84.807144,84.941429,83.64286,83.741432
AAPL,2012,12,4,83.114288,83.114288,81.732857,82.264282
AAPL,2012,12,5,81.272858,81.321426,76.96714,76.970001
AAPL,2012,12,6,75.562859,79.044289,74.089996,78.177139
AAPL,2012,12,7,79.057144,79.314285,75.714287,76.178574
AAPL,2012,12,10,75,76.93,74.511429,75.688568
AAPL,2012,12,11,77.110001,78.508568,76.767143,77.341431
AAPL,2012,12,12,78.252853,78.285713,76.610001,77
AAPL,2012,12,13,75.878571,76.805717,75.114288,75.669998
AAPL,2012,12,14,73.535713,74.01857,72.225716,72.827141
AAPL,2012,12,17,72.704285,74.285713,71.604286,74.118568
AAPL,2012,12,18,NaN,NaN,NaN,NaN
AAPL,2012,12,19,75.924286,76.242859,75.071426,75.187141
AAPL,2012,12,20,75.714287,75.742859,74.125717,74.53286
AAPL,2012,12,21,73.209999,74.238571,72.891426,74.190002
AAPL,2012,12,24,74.335716,74.89286,74.101425,74.309998
AAPL,2012,12,26,74.14286,74.208572,73.017143,73.285713
AAPL,2012,12,27,73.362854,73.75,72.094284,73.580002
AAPL,2012,12,28,72.898575,73.497147,72.58857,72.798569
AAPL,2012,12,31,72.932854,76.485718,72.714287,76.024284
AAPL,2013,1,2,79.117142,79.285713,77.375717,78.432854
AAPL,2013,1,3,78.26857,78.524284,77.285713,77.442856
AAPL,2013,1,4,76.709999,76.947144,75.118568,75.285713
AAPL,2013,1,7,74.571426,75.614288,73.599998,74.842857
AAPL,2013,1,8,75.601425,75.984283,74.464287,75.044289
AAPL,2013,1,9,74.64286,75.001427,73.71286,73.871429
AAPL,2013,1,10,75.507141,75.531425,73.645714,74.78714
AAPL,2013,1,11,74.428574,75.045715,74.145714,NaN
AAPL,2013,1,14,71.811432,72.5,71.215714,71.678574
AAPL,2013,1,15,71.185715,71.284286,69.054283,69.417145
AAPL,2013,1,16,70.662857,72.777145,70.35714,72.298569
AAPL,2013,1,17,72.901428,72.964287,71.718575,71.811432
AAPL,2013,1,18,71.21714,71.745712,70.914284,71.428574
AAPL,2013,1,22,72.080002,72.554283,70.947144,72.110001
AAPL,2013,1,23,72.687141,73.57,72.110001,73.43
AAPL,2013,1,24,65.714287,66.53286,64.321426,64.35714
AAPL,2013,1,25,64.527145,65.175713,62.142857,62.84
AAPL,2013,1,28,62.547142,64.744286,62.265713,64.261429
AAPL,2013,1,29,65.5,65.742859,64.58857,65.46714
AAPL,2013,1,30,65.285713,66.085716,64.928574,65.261429
AAPL,2013,1,31,65.28286,65.611427,64.997147,65.07
AAPL,2013,2,1,65.587143,65.639999,64.050003,64.802856
AAPL,2013,2,4,NaN,NaN,NaN,NaN
AAPL,2013,2,5,63.435715,65.677139,63.174286,65.405716
AAPL,2013,2,6,65.209999,66.64286,64.654289,65.335716
AAPL,2013,2,7,66.178574,67.14286,64.874283,66.888573
AAPL,2013,2,8,67.714287,68.401428,66.89286,67.854286
AAPL,2013,2,11,68.071426,69.277145,67.60714,68.561432
AAPL,2013,2,12,68.501427,68.91143,66.82,66.842857
AAPL,2013,2,13,66.744286,67.662857,66.174286,66.715714
AAPL,2013,2,14,66.360001,67.377144,66.288574,66.655716
AAPL,2013,2,15,NaN,NaN,NaN,NaN
AAPL,2013,2,19,65.871429,66.104286,64.835716,65.71286
AAPL,2013,2,20,65.384285,65.384285,64.114288,64.121429
AAPL,2013,2,21,63.714287,64.167145,63.259998,63.722858
AAPL,2013,2,22,64.178574,64.514282,63.799999,64.401428
AAPL,2013,2,25,64.835716,65.017143,63.224285,63.257141
AAPL,2013,2,26,63.402859,64.505714,62.522858,64.138573
AAPL,2013,2,27,64.061432,64.634285,62.950001,63.509998
AAPL,2013,2,28,63.435715,63.98143,63.057144,63.057144
AAPL,2013,3,1,62.57143,62.597141,61.425713,61.495716
AAPL,2013,3,4,61.114285,61.171429,59.857143,60.007141
AAPL,2013,3,5,60.21143,62.169998,60.107143,61.591427
AAPL,2013,3,6,62.072857,62.17857,60.632858,60.808571
AAPL,2013,3,7,60.642857,61.715714,60.151428,61.511429
AAPL,2013,3,8,61.400002,62.204285,61.23,61.674286
AAPL,2013,3,11,61.392857,62.715714,60.734287,62.552856
AAPL,2013,3,12,62.228573,62.697144,61.081429,61.204285
AAPL,2013,3,13,61.207142,62.07143,60.765713,61.192856
AAPL,2013,3,14,61.832859,62.091427,61.492859,61.785713
AAPL,2013,3,15,62.561428,63.46143,62.464287,63.380001
AAPL,2013,3,18,63.064285,65.351425,63.028572,65.102859
AAPL,2013,3,19,65.64286,65.852859,64.071426,64.927139
AAPL,2013,3,20,65.345711,65.375717,64.227142,64.582855
AAPL,2013,3,21,64.317146,65.425713,64.300003,64.675713
AAPL,2013,3,22,64.940002,66.014282,64.730003,65.987144
AAPL,2013,3,25,66.384285,67.135712,65.968575,66.225716
AAPL,2013,3,26,66.491432,66.548569,65.790001,65.877144
AAPL,2013,3,27,65.208572,65.257141,64.389999,64.582855
AAPL,2013,3,28,64.260002,64.545715,63.08857,63.237144
AAPL,2013,4,1,63.128571,63.385715,61.105713,61.272858
AAPL,2013,4,2,61.085712,62.591427,60.914288,61.398571
AAPL,2013,4,3,61.624287,62.468571,61.472858,61.712856
AAPL,2013,4,4,61.965714,62.142857,60.75,61.102856
AAPL,2013,4,5,60.642857,60.707142,59.954285,60.457142
AAPL,2013,4,8,60.692856,61.07143,60.355713,60.887142
AAPL,2013,4,9,60.908573,61.214287,60.392857,60.997143
AAPL,2013,4,10,61.157143,62.437141,60.85857,62.241428
AAPL,2013,4,11,61.959999,62.57,61.599998,62.047142
AAPL,2013,4,12,62.021427,62.021427,61.298573,61.400002
AAPL,2013,4,15,61,61.127144,59.935715,59.978573
AAPL,2013,4,16,60.224285,60.944286,60.081429,60.89143
AAPL,2013,4,17,60.03857,60.085712,56.872856,57.542858
AAPL,2013,4,18,57.855713,57.970001,55.677143,56.007141
AAPL,2013,4,19,55.424286,57.085712,55.014286,55.790001
AAPL,2013,4,22,56.091427,57.457142,55.895714,56.952858
AAPL,2013,4,23,57.712856,58.34,56.972858,58.01857
AAPL,2013,4,24,56.220001,59.32143,56.07143,57.922855
AAPL,2013,4,25,58.747143,59.134285,58.142857,58.34
AAPL,2013,4,26,58.544285,59.824287,58.32143,59.599998
AAPL,2013,4,29,60.064285,61.945713,60,61.445713
AAPL,2013,4,30,62.157143,63.607143,61.724285,63.254284
AAPL,2013,5,1,63.494286,63.561428,62.055714,62.755714
AAPL,2013,5,2,63.111427,64.084282,62.947144,63.645714
AAPL,2013,5,3,64.472855,64.747147,64.164284,64.28286
AAPL,2013,5,6,65.101425,66.028572,64.901428,65.815712
AAPL,2013,5,7,66.424286,66.535713,64.814285,65.522858
AAPL,2013,5,8,65.577141,66.48143,65.115715,66.262856
AAPL,2013,5,9,65.687141,66.14286,65.082855,65.252853
AAPL,2013,5,10,65.424286,65.672859,64.354286,64.709999
AAPL,2013,5,13,64.501427,65.414284,64.5,64.96286
AAPL,2013,5,14,64.835716,65.028572,63.164288,63.408573
AAPL,2013,5,15,62.737144,63,60.337143,61.264286
AAPL,2013,5,16,60.462856,62.549999,59.842857,62.082859
AAPL,2013,5,17,62.721428,62.869999,61.572857,61.894287
AAPL,2013,5,20,61.701427,63.685715,61.442856,63.275715
AAPL,2013,5,21,62.592857,63.639999,62.028572,NaN
AAPL,2013,5,22,63.435715,64.050003,62.602856,63.049999
AAPL,2013,5,23,62.278572,63.737144,62.255714,63.162857
AAPL,2013,5,24,62.978573,63.665714,62.908573,63.592857
AAPL,2013,5,28,NaN,NaN,NaN,NaN
AAPL,2013,5,29,62.857143,63.92857,62.771427,63.564285
AAPL,2013,5,30,63.664288,64.928574,63.501427,64.511429
AAPL,2013,5,31,64.64286,65.300003,64.214287,64.247147
AAPL,2013,6,3,64.389999,64.622856,63.21143,64.388573
AAPL,2013,6,4,64.745712,64.918571,63.912857,64.187141
AAPL,2013,6,5,63.664288,64.388573,63.387142,63.587143
AAPL,2013,6,6,63.638573,63.857143,62.007141,62.637142
AAPL,2013,6,7,62.357143,63.32,61.824287,63.115715
AAPL,2013,6,10,63.532856,64.154289,62.400002,62.69857
AAPL,2013,6,11,NaN,NaN,NaN,NaN
AAPL,2013,6,12,NaN,NaN,NaN,NaN
AAPL,2013,6,13,61.785713,62.44857,61.25,62.279999
AAPL,2013,6,14,62.200001,62.327145,61.214287,61.435715
AAPL,2013,6,17,61.634285,62.242859,61.48,61.714287
AAPL,2013,6,18,61.651428,62.128571,61.458572,61.681427
AAPL,2013,6,19,61.628571,61.665714,60.42857,NaN
AAPL,2013,6,20,59.900002,60.854286,59.310001,59.548573
AAPL,2013,6,21,59.784286,60,58.299999,59.07143
AAPL,2013,6,24,58.200001,58.380001,56.864285,57.505714
AAPL,2013,6,25,57.957142,58.255714,56.975716,57.51857
AAPL,2013,6,26,57.700001,57.827145,56.522858,56.867142
AAPL,2013,6,27,57.035713,57.341427,56.220001,56.254284
AAPL,2013,6,28,55.908573,57.181427,55.552856,56.647144
AAPL,2013,7,1,57.527142,58.895714,57.317142,58.459999
AAPL,2013,7,2,58.565716,60.232857,58.495716,59.784286
AAPL,2013,7,3,60.122856,60.425713,59.635715,60.114285
AAPL,2013,7,5,60.055714,60.470001,59.335712,59.631428
AAPL,2013,7,8,60.015713,60.142857,58.664288,59.292858
AAPL,2013,7,9,59.085712,60.5,58.625713,60.335712
AAPL,2013,7,10,59.942856,60.685715,59.75,60.104286
AAPL,2013,7,11,60.421429,61.17857,60.167141,61.041428
AAPL,2013,7,12,61.092857,61.398571,60.487144,60.93
AAPL,2013,7,15,60.715714,61.637142,60.685715,61.062859
AAPL,2013,7,16,60.931427,61.529999,60.595715,61.457142
AAPL,2013,7,17,61.385715,61.745716,61.174286,61.472858
AAPL,2013,7,18,61.91143,62.124287,61.515713,61.68
AAPL,2013,7,19,61.871429,61.997143,60.621429,60.707142
AAPL,2013,7,22,61.351429,61.392857,60.781429,60.901428
AAPL,2013,7,23,60.857143,60.994286,59.815716,59.855713
AAPL,2013,7,24,62.704285,63.512856,62.18,62.93
AAPL,2013,7,25,62.957142,63.057144,62.258572,62.642857
AAPL,2013,7,26,62.185715,63.005714,62.048573,62.998573
AAPL,2013,7,29,62.971428,64.284286,62.885715,63.970001
AAPL,2013,7,30,64.279999,65.307144,64.175713,64.760002
AAPL,2013,7,31,64.998573,65.334282,64.204285,64.647141
AAPL,2013,8,1,65.10714,65.257141,64.751427,65.239998
AAPL,2013,8,2,65.43,66.121429,65.237144,66.077141
AAPL,2013,8,5,66.384285,67.238571,66.021431,67.064285
AAPL,2013,8,6,66.860001,67.412857,66.024284,66.464287
AAPL,2013,8,7,66.257141,66.714287,65.96714,66.425713
AAPL,2013,8,8,NaN,NaN,NaN,NaN
AAPL,2013,8,9,65.519997,65.779999,64.807144,64.921425
AAPL,2013,8,12,65.265717,66.949997,65.232857,NaN
AAPL,2013,8,13,67.277145,70.665718,66.864288,69.938568
AAPL,2013,8,14,71.125717,72.035713,70.485718,71.214287
AAPL,2013,8,15,70.917145,71.771431,69.868568,71.129997
AAPL,2013,8,16,71.449997,71.848572,71.265717,71.761429
AAPL,2013,8,19,72.048569,73.391426,72,72.534286
AAPL,2013,8,20,NaN,NaN,NaN,NaN
AAPL,2013,8,21,71.941429,72.449997,71.599998,71.765717
AAPL,2013,8,22,72.139999,72.227142,71.171425,71.851425
AAPL,2013,8,23,71.895714,71.907143,71.335716,71.574287
AAPL,2013,8,26,71.535713,72.885712,71.5,71.852859
AAPL,2013,8,27,71.14286,71.78714,69.471428,69.798569
AAPL,2013,8,28,69.428574,70.828575,69.428574,70.128571
AAPL,2013,8,29,70.235718,70.928574,70.16143,70.242859
AAPL,2013,8,30,70.285713,70.421425,69.5,NaN
AAPL,2013,9,3,70.442856,71.514282,69.621429,69.797142
AAPL,2013,9,4,71.365715,71.748573,70.897141,71.241432
AAPL,2013,9,5,71.464287,71.525711,70.519997,70.752853
AAPL,2013,9,6,71.205711,71.339996,69.992859,71.174286
AAPL,2013,9,9,72.14286,72.559998,71.925713,72.309998
AAPL,2013,9,10,72.314285,72.492859,69.928574,70.662857
AAPL,2013,9,11,NaN,NaN,NaN,NaN
AAPL,2013,9,12,66.928574,67.914284,66.572861,67.527145
AAPL,2013,9,13,67.048569,67.404289,66.385712,66.414284
AAPL,2013,9,16,65.85714,65.944283,63.888573,64.302856
AAPL,2013,9,17,63.994286,65.672859,63.92857,65.045715
AAPL,2013,9,18,66.168571,66.621429,65.808571,66.382858
AAPL,2013,9,19,67.242859,67.975716,67.035713,67.471428
AAPL,2013,9,20,68.285713,68.364288,66.571426,66.772858
AAPL,2013,9,23,70.871429,70.987144,68.942856,70.091431
AAPL,2013,9,24,70.697144,70.781425,69.688568,69.871429
AAPL,2013,9,25,69.885712,69.94857,68.775711,68.790001
AAPL,2013,9,26,69.428574,69.794289,69.128571,69.459999
AAPL,2013,9,27,69.111427,69.238571,68.674286,68.964287
AAPL,2013,9,30,68.178574,68.808571,67.772858,68.10714
AAPL,2013,10,1,68.349998,69.877144,68.339996,69.708572
AAPL,2013,10,2,69.375717,70.257141,69.10714,69.937141
AAPL,2013,10,3,70.072861,70.335716,68.677139,69.058571
AAPL,2013,10,4,69.122856,69.228569,68.371429,NaN
AAPL,2013,10,7,69.508568,70.378571,69.335716,69.678574
AAPL,2013,10,8,69.991432,70.091431,68.648575,68.705711
AAPL,2013,10,9,69.234283,69.684288,68.325714,69.512856
AAPL,2013,10,10,70.188568,70.339996,69.577141,69.94857
AAPL,2013,10,11,69.57,70.548569,69.308571,70.401428
AAPL,2013,10,14,69.975716,71.082855,69.907143,70.862854
AAPL,2013,10,15,71.072861,71.714287,70.788574,71.239998
AAPL,2013,10,16,71.541428,71.790001,71.318573,71.587143
AAPL,2013,10,17,71.425713,72.111427,71.382858,NaN
AAPL,2013,10,18,72.284286,72.751427,72.244286,72.69857
AAPL,2013,10,21,73.110001,74.900002,73.074287,74.480003
AAPL,2013,10,22,75.201431,75.492859,72.575714,74.267143
AAPL,2013,10,23,74.14286,75.095711,74.14286,74.994286
AAPL,2013,10,24,75,76.067146,74.635712,75.987144
AAPL,2013,10,25,75.902855,76.175713,75.015717,75.137146
AAPL,2013,10,28,75.577141,75.85714,74.744286,75.697144
AAPL,2013,10,29,NaN,NaN,NaN,NaN
AAPL,2013,10,30,74.230003,75.360001,73.860001,74.985718
AAPL,2013,10,31,75,75.355713,74.46714,74.671425
AAPL,2013,11,1,74.860001,74.971428,73.691429,74.290001
AAPL,2013,11,4,74.442856,75.260002,74.115715,75.25
AAPL,2013,11,5,74.940002,75.555717,74.714287,75.064285
AAPL,2013,11,6,74.878571,74.980003,74.028572,74.417145
AAPL,2013,11,7,74.225716,74.741432,73.197144,NaN
AAPL,2013,11,8,73.511429,74.447144,73.227142,74.365715
AAPL,2013,11,11,74.284286,74.524284,73.487144,74.150002
AAPL,2013,11,12,73.952858,74.845711,73.85714,74.28714
AAPL,2013,11,13,74,74.60714,73.851425,74.375717
AAPL,2013,11,14,74.687141,75.611427,74.552856,75.451431
AAPL,2013,11,15,75.225716,75.584282,74.927139,74.998573
AAPL,2013,11,18,74.998573,75.312859,74.028572,74.089996
AAPL,2013,11,19,74.147141,74.76857,73.995712,74.221428
AAPL,2013,11,20,NaN,NaN,NaN,NaN
AAPL,2013,11,21,73.942856,74.458572,73.381432,74.44857
AAPL,2013,11,22,74.21714,74.594284,74.075714,74.257141
AAPL,2013,11,25,74.431427,75.124283,74.428574,74.82
AAPL,2013,11,26,74.874283,76.591431,74.85714,76.199997
AAPL,2013,11,27,76.615715,78,76.199997,77.994286
AAPL,2013,11,29,78.497147,79.761429,78.258568,79.438568
AAPL,2013,12,2,79.714287,80.618568,78.688568,78.747147
AAPL,2013,12,3,79.757141,80.91143,79.668571,80.902855
AAPL,2013,12,4,80.785713,81.312859,80.117142,80.714287
AAPL,2013,12,5,81.807144,82.162857,80.915718,81.128571
AAPL,2013,12,6,80.827141,80.964287,79.938568,80.002853
AAPL,2013,12,9,80.128571,81.368568,80.128571,80.918571
AAPL,2013,12,10,80.511429,81.125717,80.171425,80.792854
AAPL,2013,12,11,81,81.567146,79.955711,80.194283
AAPL,2013,12,12,80.305717,80.762856,80.004288,80.077141
AAPL,2013,12,13,80.407143,80.41143,79.095711,79.204285
AAPL,2013,12,16,79.288574,80.377144,79.28714,79.64286
AAPL,2013,12,17,79.401428,79.919998,79.054283,79.284286
AAPL,2013,12,18,78.528572,78.778572,76.971428,78.681427
AAPL,2013,12,19,78.5,78.571426,77.675713,77.779999
AAPL,2013,12,20,77.918571,78.80143,77.831429,78.431427
AAPL,2013,12,23,81.14286,81.531425,80.394287,81.441429
AAPL,2013,12,24,81.412857,81.697144,80.861427,81.095711
AAPL,2013,12,26,81.157143,81.35714,80.482857,NaN
AAPL,2013,12,27,80.545715,80.629997,79.928574,80.012856
AAPL,2013,12,30,79.637146,80.012856,78.902855,79.21714
AAPL,2013,12,31,79.167145,80.182854,79.14286,80.145714
AAPL,2014,1,2,79.382858,79.575714,78.860001,79.01857
AAPL,2014,1,3,78.980003,79.099998,77.204285,77.28286
AAPL,2014,1,6,76.778572,78.114288,76.228569,77.704285
AAPL,2014,1,7,77.760002,77.994286,76.845711,77.148575
AAPL,2014,1,8,76.972855,77.937141,76.955711,77.637146
AAPL,2014,1,9,78.114288,78.122856,76.478569,76.645714
AAPL,2014,1,10,77.118568,77.257141,75.872856,76.134285
AAPL,2014,1,13,75.701431,77.5,75.697144,76.53286
AAPL,2014,1,14,76.888573,78.104286,76.808571,78.055717
AAPL,2014,1,15,79.074287,80.028572,78.808571,79.622856
AAPL,2014,1,16,79.271431,79.550003,78.811432,79.178574
AAPL,2014,1,17,78.78286,78.867142,77.128571,77.238571
AAPL,2014,1,21,77.284286,78.581429,77.202858,78.438568
AAPL,2014,1,22,78.701431,79.612854,78.258568,78.78714
AAPL,2014,1,23,78.562859,79.5,77.830002,79.454285
AAPL,2014,1,24,79.14286,79.374283,77.821426,78.010002
AAPL,2014,1,27,78.581429,79.257141,77.964287,78.64286
AAPL,2014,1,28,72.68,73.571426,71.724289,72.35714
AAPL,2014,1,29,71.992859,72.48143,71.23143,71.535713
AAPL,2014,1,30,71.791428,72.35714,70.957146,71.397141
AAPL,2014,1,31,70.739998,71.647141,70.507141,71.514282
AAPL,2014,2,3,71.80143,72.53286,71.328575,71.647141
AAPL,2014,2,4,72.264282,72.779999,71.822861,72.684288
AAPL,2014,2,5,72.365715,73.611427,72.321426,73.227142
AAPL,2014,2,6,72.865715,73.35714,72.544289,73.215714
AAPL,2014,2,7,74.482857,74.704285,73.91143,NaN
AAPL,2014,2,10,74.094284,75.998573,74,75.57
AAPL,2014,2,11,75.80143,76.821426,75.64286,76.565712
AAPL,2014,2,12,76.707146,77.080002,76.177139,76.559998
AAPL,2014,2,13,76.379997,77.835716,76.314285,77.775711
AAPL,2014,2,14,77.495712,77.997147,77.315712,77.71286
AAPL,2014,2,18,78,78.741432,77.944283,77.998573
AAPL,2014,2,19,77.821426,78.127144,76.335716,76.767143
AAPL,2014,2,20,76.141426,76.714287,75.571426,75.878571
AAPL,2014,2,21,76.112854,76.367142,74.942856,75.035713
AAPL,2014,2,24,74.735718,75.702858,74.631432,75.364288
AAPL,2014,2,25,75.625717,75.652855,74.428574,NaN
AAPL,2014,2,26,74.80143,75,73.657143,73.907143
AAPL,2014,2,27,73.877144,75.540001,73.721428,75.381432
AAPL,2014,2,28,75.582855,76.10714,74.58857,75.177139
AAPL,2014,3,3,74.774284,75.807144,74.687141,75.394287
AAPL,2014,3,4,75.85714,76.091431,75.395714,75.891426
AAPL,2014,3,5,75.845711,76.39286,75.589996,76.05143
AAPL,2014,3,6,76.112854,76.348572,75.442856,75.821426
AAPL,2014,3,7,75.870003,75.997147,75.150002,75.777145
AAPL,2014,3,10,75.480003,76.190002,75.477142,75.845711
AAPL,2014,3,11,76.492859,76.96286,76.084282,76.584282
AAPL,2014,3,12,76.358574,76.764282,76,76.658569
AAPL,2014,3,13,76.777145,77.094284,75.594284,75.807144
AAPL,2014,3,14,NaN,NaN,NaN,NaN
AAPL,2014,3,17,75.385712,75.709999,75.121429,75.248573
AAPL,2014,3,18,75.128571,75.995712,75.028572,75.914284
AAPL,2014,3,19,76.03714,76.605713,75.571426,75.894287
AAPL,2014,3,20,75.69857,76.095711,75.335716,75.528572
AAPL,2014,3,21,75.989998,76.25,75.190002,76.124283
AAPL,2014,3,24,76.917145,77.214287,76.437141,77.027145
AAPL,2014,3,25,77.35714,77.964287,77.084282,77.855713
AAPL,2014,3,26,78.074287,78.428574,76.980003,77.111427
AAPL,2014,3,27,77.145714,77.35714,76.445717,76.779999
AAPL,2014,3,28,76.902855,76.991432,76.321426,76.694283
AAPL,2014,3,31,77.03286,77.258568,76.561432,76.677139
AAPL,2014,4,1,76.822861,77.410004,76.681427,77.378571
AAPL,2014,4,2,77.482857,77.639999,77.18,77.507141
AAPL,2014,4,3,77.341431,77.5,76.805717,76.970001
AAPL,2014,4,4,77.115715,77.14286,75.797142,75.974289
AAPL,2014,4,7,75.431427,75.842857,74.555717,NaN
AAPL,2014,4,8,75.027145,75.160004,74.099998,74.777145
AAPL,2014,4,9,74.662857,75.784286,74.574287,75.760002
AAPL,2014,4,10,75.811432,76.034286,74.738571,74.78286
AAPL,2014,4,11,74.14286,74.690002,73.877144,74.230003
AAPL,2014,4,14,74.557144,74.594284,73.887146,74.525711
AAPL,2014,4,15,74.324287,74.519997,73.047142,73.994286
AAPL,2014,4,16,74.007141,74.441429,73.44857,74.144287
AAPL,2014,4,17,74.285713,75.394287,74.171425,74.991432
AAPL,2014,4,21,75.048569,76.019997,74.851425,75.881432
AAPL,2014,4,22,75.472855,75.975716,75.214287,75.957146
AAPL,2014,4,23,75.580002,75.875717,74.921425,74.964287
AAPL,2014,4,24,81.172859,81.428574,80.104286,81.110001
AAPL,2014,4,25,80.647141,81.71286,80.565712,81.705711
AAPL,2014,4,28,81.828575,85.10714,81.792854,84.870003
AAPL,2014,4,29,84.82,85.139999,84.215714,84.618568
AAPL,2014,4,30,84.662857,85.632858,84.257141,NaN
AAPL,2014,5,1,84.571426,84.971428,83.765717,84.497147
AAPL,2014,5,2,84.620003,84.885712,84.244286,84.654289
AAPL,2014,5,5,84.305717,85.85714,84.285713,85.851425
AAPL,2014,5,6,85.971428,86.344284,84.915718,84.915718
AAPL,2014,5,7,85.035713,85.327141,83.961426,84.618568
AAPL,2014,5,8,84.035713,84.915718,83.771431,83.998573
AAPL,2014,5,9,83.505714,83.75,82.904289,83.648575
AAPL,2014,5,12,83.927139,84.808571,83.914284,84.690002
AAPL,2014,5,13,84.571426,84.934288,84.385712,84.822861
AAPL,2014,5,14,84.632858,85.342857,84.534286,84.83857
AAPL,2014,5,15,84.957146,85.228569,84.005714,84.117142
AAPL,2014,5,16,84.089996,85.361427,83.628571,85.358574
AAPL,2014,5,19,85.407143,86.761429,85.332855,86.370003
AAPL,2014,5,20,86.358574,86.628571,85.818573,86.387146
AAPL,2014,5,21,86.261429,86.671425,86.008568,86.615715
AAPL,2014,5,22,86.657143,87.121429,86.300003,86.752853
AAPL,2014,5,23,86.75,87.818573,86.638573,87.732857
AAPL,2014,5,27,87.982857,89.408569,87.947144,89.375717
AAPL,2014,5,28,89.431427,89.975716,89.111427,89.144287
AAPL,2014,5,29,NaN,NaN,NaN,NaN
AAPL,2014,5,30,91.139999,92.024284,89.842857,90.428574
AAPL,2014,6,2,90.565712,90.690002,88.928574,89.807144
AAPL,2014,6,3,89.779999,91.248573,89.75,91.077141
AAPL,2014,6,4,91.062859,92.555717,90.872856,92.117142
AAPL,2014,6,5,92.314285,92.767143,91.80143,92.478569
AAPL,2014,6,6,92.842857,93.03714,92.067146,NaN
AAPL,2014,6,9,92.699997,93.879997,91.75,93.699997
AAPL,2014,6,10,94.730003,95.050003,93.57,94.25
AAPL,2014,6,11,94.129997,94.760002,93.470001,93.860001
AAPL,2014,6,12,94.040001,94.120003,91.900002,92.290001
AAPL,2014,6,13,92.199997,92.440002,90.879997,91.279999
AAPL,2014,6,16,91.510002,92.75,91.449997,92.199997
AAPL,2014,6,17,92.309998,92.699997,91.800003,92.080002
AAPL,2014,6,18,92.269997,92.290001,91.349998,92.18
AAPL,2014,6,19,92.290001,92.300003,91.339996,91.860001
AAPL,2014,6,20,91.849998,92.550003,90.900002,90.910004
AAPL,2014,6,23,91.32,91.620003,90.599998,90.830002
AAPL,2014,6,24,90.75,91.739998,90.190002,NaN
AAPL,2014,6,25,90.209999,90.699997,89.650002,90.360001
AAPL,2014,6,26,90.370003,91.050003,89.800003,90.900002
AAPL,2014,6,27,90.82,92,90.769997,91.980003
AAPL,2014,6,30,92.099998,93.730003,92.089996,92.93
AAPL,2014,7,1,93.519997,94.07,93.129997,93.519997
AAPL,2014,7,2,93.870003,94.059998,93.089996,93.480003
AAPL,2014,7,3,93.669998,94.099998,93.199997,94.029999
AAPL,2014,7,7,94.139999,95.989998,94.099998,95.970001
AAPL,2014,7,8,96.269997,96.800003,93.919998,95.349998
AAPL,2014,7,9,95.440002,95.949997,94.760002,95.389999
AAPL,2014,7,10,93.760002,95.550003,93.519997,95.040001
AAPL,2014,7,11,95.360001,95.889999,94.860001,95.220001
AAPL,2014,7,14,95.860001,96.889999,95.650002,96.449997
AAPL,2014,7,15,96.800003,96.849998,95.029999,95.32
AAPL,2014,7,16,96.970001,97.099998,94.739998,94.779999
AAPL,2014,7,17,NaN,NaN,NaN,NaN
AAPL,2014,7,18,93.620003,94.739998,93.019997,94.43
AAPL,2014,7,21,94.989998,95,93.720001,NaN
AAPL,2014,7,22,94.68,94.889999,94.120003,94.720001
AAPL,2014,7,23,95.419998,97.879997,95.169998,97.190002
AAPL,2014,7,24,97.040001,97.32,96.419998,97.029999
AAPL,2014,7,25,96.849998,97.839996,96.639999,97.669998
AAPL,2014,7,28,97.82,99.239998,97.550003,NaN
AAPL,2014,7,29,99.330002,99.440002,98.25,98.379997
AAPL,2014,7,30,98.440002,98.699997,97.669998,98.150002
AAPL,2014,7,31,97.160004,97.449997,95.330002,NaN
AAPL,2014,8,1,94.900002,96.620003,94.809998,96.129997
AAPL,2014,8,4,96.370003,96.580002,95.169998,NaN
AAPL,2014,8,5,95.360001,95.68,94.360001,95.120003
AAPL,2014,8,6,94.75,95.480003,94.709999,94.959999
AAPL,2014,8,7,94.93,95.949997,94.099998,94.480003
AAPL,2014,8,8,94.260002,94.82,93.279999,94.739998
AAPL,2014,8,11,95.269997,96.080002,94.839996,95.989998
AAPL,2014,8,12,96.040001,96.879997,95.610001,95.970001
AAPL,2014,8,13,96.150002,97.239998,96.040001,97.239998
AAPL,2014,8,14,NaN,NaN,NaN,NaN
AAPL,2014,8,15,97.900002,98.190002,96.860001,97.980003
AAPL,2014,8,18,98.489998,99.370003,97.980003,99.160004
AAPL,2014,8,19,99.410004,100.68,99.32,100.529999
AAPL,2014,8,20,100.440002,101.089996,99.949997,100.57
AAPL,2014,8,21,100.57,100.940002,100.110001,100.580002
AAPL,2014,8,22,100.290001,101.470001,100.190002,101.32
AAPL,2014,8,25,101.790001,102.169998,101.279999,101.540001
AAPL,2014,8,26,101.419998,101.5,100.860001,NaN
AAPL,2014,8,27,101.019997,102.57,100.699997,102.129997
AAPL,2014,8,28,101.589996,102.779999,101.559998,102.25
AAPL,2014,8,29,102.860001,102.900002,102.199997,102.5
AAPL,2014,9,2,103.059998,103.739998,102.720001,103.300003
AAPL,2014,9,3,103.099998,103.199997,98.580002,98.940002
AAPL,2014,9,4,98.849998,100.089996,97.790001,98.120003
AAPL,2014,9,5,98.800003,99.389999,98.309998,98.970001
AAPL,2014,9,8,99.300003,99.309998,98.050003,98.360001
AAPL,2014,9,9,99.080002,103.080002,96.139999,97.989998
AAPL,2014,9,10,98.010002,101.110001,97.760002,101
AAPL,2014,9,11,100.410004,101.440002,99.620003,101.43
AAPL,2014,9,12,101.209999,102.190002,101.080002,101.660004
AAPL,2014,9,15,102.809998,103.050003,101.440002,101.629997
AAPL,2014,9,16,99.800003,101.260002,98.889999,100.860001
AAPL,2014,9,17,101.269997,101.800003,100.589996,101.580002
AAPL,2014,9,18,101.93,102.349998,101.559998,101.790001
AAPL,2014,9,19,102.290001,102.349998,100.5,100.959999
AAPL,2014,9,22,101.800003,102.139999,100.580002,101.059998
AAPL,2014,9,23,100.599998,102.940002,100.540001,102.639999
AAPL,2014,9,24,102.160004,102.849998,101.199997,101.75
AAPL,2014,9,25,100.510002,100.709999,97.720001,97.870003
AAPL,2014,9,26,98.529999,100.75,98.400002,100.75
AAPL,2014,9,29,98.650002,100.440002,98.629997,100.110001
AAPL,2014,9,30,100.809998,101.540001,100.529999,100.75
AAPL,2014,10,1,100.589996,100.690002,98.699997,99.18
AAPL,2014,10,2,99.269997,100.220001,98.040001,99.900002
AAPL,2014,10,3,99.440002,100.209999,99.040001,99.620003
AAPL,2014,10,6,99.949997,100.650002,99.419998,99.620003
AAPL,2014,10,7,99.43,100.120003,98.730003,98.75
AAPL,2014,10,8,98.760002,101.110001,98.309998,100.800003
AAPL,2014,10,9,101.540001,102.379997,100.610001,101.019997
AAPL,2014,10,10,100.690002,102.029999,100.300003,100.730003
AAPL,2014,10,13,101.330002,101.779999,99.809998,NaN
AAPL,2014,10,14,100.389999,100.519997,98.57,98.75
AAPL,2014,10,15,97.970001,99.150002,95.18,97.540001
AAPL,2014,10,16,95.550003,97.720001,95.410004,96.260002
AAPL,2014,10,17,97.5,99,96.809998,97.669998
AAPL,2014,10,20,98.32,99.959999,98.220001,99.760002
AAPL,2014,10,21,103.019997,103.019997,101.269997,102.470001
AAPL,2014,10,22,102.839996,104.110001,102.599998,102.989998
AAPL,2014,10,23,104.080002,105.050003,103.629997,104.830002
AAPL,2014,10,24,105.18,105.489998,104.529999,105.220001
AAPL,2014,10,27,104.849998,105.480003,104.699997,105.110001
AAPL,2014,10,28,105.400002,106.739998,105.349998,106.739998
AAPL,2014,10,29,106.650002,107.370003,106.360001,107.339996
AAPL,2014,10,30,106.959999,107.349998,105.900002,106.980003
AAPL,2014,10,31,108.010002,108.040001,107.209999,108
AAPL,2014,11,3,NaN,NaN,NaN,NaN
AAPL,2014,11,4,109.360001,109.489998,107.720001,108.599998
AAPL,2014,11,5,109.099998,109.300003,108.129997,108.860001
AAPL,2014,11,6,108.599998,108.790001,107.800003,108.699997
AAPL,2014,11,7,108.75,109.32,108.550003,109.010002
AAPL,2014,11,10,109.019997,109.330002,108.669998,108.830002
AAPL,2014,11,11,108.699997,109.75,108.400002,109.699997
AAPL,2014,11,12,109.379997,111.43,109.370003,111.25
AAPL,2014,11,13,111.800003,113.449997,111.599998,112.82
AAPL,2014,11,14,113.150002,114.190002,111.209999,114.18
AAPL,2014,11,17,114.269997,117.279999,113.300003,113.989998
AAPL,2014,11,18,113.940002,115.690002,113.889999,115.470001
AAPL,2014,11,19,115.440002,115.739998,113.800003,114.669998
AAPL,2014,11,20,114.910004,116.860001,114.849998,116.309998
AAPL,2014,11,21,117.510002,117.57,116.029999,116.470001
AAPL,2014,11,24,116.849998,118.769997,116.620003,118.629997
AAPL,2014,11,25,119.07,119.75,117.449997,117.599998
AAPL,2014,11,26,117.940002,119.099998,117.830002,119
AAPL,2014,11,28,119.269997,119.400002,118.050003,118.93
AAPL,2014,12,1,118.809998,119.25,111.269997,115.07
AAPL,2014,12,2,NaN,NaN,NaN,NaN
AAPL,2014,12,3,115.75,116.349998,115.110001,NaN
AAPL,2014,12,4,115.769997,117.199997,115.290001,115.489998
AAPL,2014,12,5,115.989998,116.080002,114.639999,115
AAPL,2014,12,8,114.099998,114.650002,111.620003,112.400002
AAPL,2014,12,9,110.190002,114.300003,109.349998,114.120003
AAPL,2014,12,10,114.410004,114.849998,111.540001,111.949997
AAPL,2014,12,11,112.260002,113.800003,111.339996,111.620003
AAPL,2014,12,12,110.459999,111.870003,109.580002,109.730003
AAPL,2014,12,15,110.699997,111.599998,106.349998,108.230003
AAPL,2014,12,16,106.370003,110.160004,106.260002,106.75
AAPL,2014,12,17,107.120003,109.839996,106.82,109.410004
AAPL,2014,12,18,111.870003,112.650002,110.660004,112.650002
AAPL,2014,12,19,112.260002,113.239998,111.660004,111.779999
AAPL,2014,12,22,112.160004,113.489998,111.970001,112.940002
AAPL,2014,12,23,113.230003,113.330002,112.459999,112.540001
AAPL,2014,12,24,112.580002,112.709999,112.010002,112.010002
AAPL,2014,12,26,112.099998,114.519997,112.010002,113.989998
AAPL,2014,12,29,NaN,NaN,NaN,NaN
AAPL,2014,12,30,113.639999,113.919998,112.110001,112.519997
AAPL,2014,12,31,112.82,113.129997,110.209999,110.379997
AAPL,2015,1,2,111.389999,111.440002,107.349998,109.330002
AAPL,2015,1,5,108.290001,108.650002,105.410004,106.25
AAPL,2015,1,6,106.540001,107.43,104.629997,106.260002
AAPL,2015,1,7,107.199997,108.199997,106.699997,107.75
AAPL,2015,1,8,109.230003,112.150002,108.699997,111.889999
AAPL,2015,1,9,112.669998,113.25,110.209999,NaN
AAPL,2015,1,12,112.599998,112.629997,108.800003,109.25
AAPL,2015,1,13,111.43,112.800003,108.910004,110.220001
AAPL,2015,1,14,109.040001,110.489998,108.5,109.800003
AAPL,2015,1,15,110,110.059998,106.660004,106.82
AAPL,2015,1,16,107.029999,107.580002,105.199997,NaN
AAPL,2015,1,20,107.839996,108.970001,106.5,108.720001
AAPL,2015,1,21,108.949997,111.059998,108.269997,109.550003
AAPL,2015,1,22,110.260002,112.470001,109.720001,112.400002
AAPL,2015,1,23,112.300003,113.75,111.529999,112.980003
AAPL,2015,1,26,113.739998,114.360001,112.800003,113.099998
AAPL,2015,1,27,NaN,NaN,NaN,NaN
AAPL,2015,1,28,117.629997,118.120003,115.309998,115.309998
AAPL,2015,1,29,116.32,119.190002,115.559998,118.900002
AAPL,2015,1,30,118.400002,120,116.849998,117.160004
AAPL,2015,2,2,118.050003,119.169998,116.080002,118.629997
AAPL,2015,2,3,118.5,119.089996,117.610001,118.650002
AAPL,2015,2,4,118.5,120.510002,118.309998,119.559998
AAPL,2015,2,5,120.019997,120.230003,119.25,119.940002
AAPL,2015,2,6,120.019997,120.25,118.449997,118.93
AAPL,2015,2,9,118.550003,119.839996,118.43,119.720001
AAPL,2015,2,10,120.169998,122.150002,120.160004,122.019997
AAPL,2015,2,11,122.769997,124.919998,122.5,124.879997
AAPL,2015,2,12,126.059998,127.480003,125.57,126.459999
AAPL,2015,2,13,127.279999,127.279999,125.650002,127.080002
AAPL,2015,2,17,127.489998,128.880005,126.919998,127.830002
AAPL,2015,2,18,127.629997,128.779999,127.449997,NaN
AAPL,2015,2,19,128.479996,129.029999,128.330002,128.449997
AAPL,2015,2,20,128.619995,129.5,128.050003,129.5
AAPL,2015,2,23,130.020004,133,129.660004,133
AAPL,2015,2,24,NaN,NaN,NaN,NaN
AAPL,2015,2,25,131.559998,131.600006,128.149994,128.789993
AAPL,2015,2,26,128.789993,130.869995,126.610001,130.419998
AAPL,2015,2,27,130,130.570007,128.240005,128.460007
AAPL,2015,3,2,129.25,130.279999,128.300003,129.089996
AAPL,2015,3,3,128.960007,129.520004,128.089996,129.360001
AAPL,2015,3,4,129.100006,129.559998,128.320007,128.539993
AAPL,2015,3,5,128.580002,128.75,125.760002,126.410004
AAPL,2015,3,6,128.399994,129.369995,126.260002,126.599998
AAPL,2015,3,9,127.959999,129.570007,125.059998,127.139999
AAPL,2015,3,10,126.410004,127.220001,123.800003,124.510002
AAPL,2015,3,11,124.75,124.769997,122.110001,122.239998
AAPL,2015,3,12,122.309998,124.900002,121.629997,124.449997
AAPL,2015,3,13,124.400002,125.400002,122.580002,123.589996
AAPL,2015,3,16,123.879997,124.949997,122.870003,124.949997
AAPL,2015,3,17,125.900002,127.32,125.650002,127.040001
AAPL,2015,3,18,127,129.160004,126.370003,128.470001
AAPL,2015,3,19,128.75,129.25,127.400002,127.5
AAPL,2015,3,20,128.25,128.399994,125.160004,125.900002
AAPL,2015,3,23,127.120003,127.849998,126.519997,127.209999
AAPL,2015,3,24,127.230003,128.039993,126.559998,126.690002
AAPL,2015,3,25,126.540001,126.82,123.379997,123.379997
AAPL,2015,3,26,122.760002,124.879997,122.599998,124.239998
AAPL,2015,3,27,124.57,124.699997,122.910004,123.25
AAPL,2015,3,30,124.050003,126.400002,124,126.370003
AAPL,2015,3,31,126.089996,126.489998,124.360001,124.43
AAPL,2015,4,1,124.82,125.120003,123.099998,124.25
AAPL,2015,4,2,125.029999,125.559998,124.190002,125.32
AAPL,2015,4,6,124.470001,127.510002,124.330002,127.349998
AAPL,2015,4,7,127.639999,128.119995,125.980003,126.010002
AAPL,2015,4,8,125.849998,126.400002,124.970001,125.599998
AAPL,2015,4,9,125.849998,126.580002,124.660004,126.559998
AAPL,2015,4,10,125.949997,127.209999,125.260002,127.099998
AAPL,2015,4,13,128.369995,128.570007,126.610001,126.849998
AAPL,2015,4,14,127,127.290001,125.910004,126.300003
AAPL,2015,4,15,126.410004,127.129997,126.010002,126.779999
AAPL,2015,4,16,126.279999,127.099998,126.110001,126.169998
AAPL,2015,4,17,125.550003,126.139999,124.459999,124.75
AAPL,2015,4,20,125.57,128.119995,125.169998,127.599998
AAPL,2015,4,21,128.100006,128.199997,126.669998,126.910004
AAPL,2015,4,22,126.989998,128.869995,126.32,128.619995
AAPL,2015,4,23,128.300003,130.419998,128.139999,NaN
AAPL,2015,4,24,130.490005,130.630005,129.229996,130.279999
AAPL,2015,4,27,132.309998,133.130005,131.149994,132.649994
AAPL,2015,4,28,134.460007,134.539993,129.570007,130.559998
AAPL,2015,4,29,130.160004,131.589996,128.300003,128.639999
AAPL,2015,4,30,128.639999,128.639999,124.580002,125.150002
AAPL,2015,5,1,126.099998,130.130005,125.300003,128.949997
AAPL,2015,5,4,129.5,130.570007,128.259995,128.699997
AAPL,2015,5,5,128.149994,128.449997,125.779999,125.800003
AAPL,2015,5,6,126.559998,126.75,123.360001,125.010002
AAPL,2015,5,7,124.769997,126.080002,124.019997,125.260002
AAPL,2015,5,8,126.68,127.620003,126.110001,127.620003
AAPL,2015,5,11,127.389999,127.559998,125.629997,126.32
AAPL,2015,5,12,125.599998,126.879997,124.82,125.870003
AAPL,2015,5,13,126.150002,127.190002,125.870003,126.010002
AAPL,2015,5,14,127.410004,128.949997,127.160004,128.949997
AAPL,2015,5,15,129.070007,129.490005,128.210007,128.770004
AAPL,2015,5,18,128.380005,130.720001,128.360001,130.190002
AAPL,2015,5,19,130.690002,130.880005,129.639999,130.070007
AAPL,2015,5,20,130,130.979996,129.339996,130.059998
AAPL,2015,5,21,130.070007,131.630005,129.830002,131.389999
AAPL,2015,5,22,131.600006,132.970001,131.399994,132.539993
AAPL,2015,5,26,132.600006,132.910004,129.119995,NaN
AAPL,2015,5,27,130.339996,132.259995,130.050003,132.039993
AAPL,2015,5,28,131.860001,131.949997,131.100006,131.779999
AAPL,2015,5,29,131.229996,131.449997,129.899994,130.279999
AAPL,2015,6,1,130.279999,131.389999,130.050003,130.539993
AAPL,2015,6,2,129.860001,130.660004,129.320007,129.960007
AAPL,2015,6,3,130.660004,130.940002,129.899994,130.119995
AAPL,2015,6,4,129.580002,130.580002,128.910004,129.360001
AAPL,2015,6,5,129.5,129.690002,128.360001,128.649994
AAPL,2015,6,8,128.899994,129.210007,126.830002,127.800003
AAPL,2015,6,9,126.699997,128.080002,125.620003,127.419998
AAPL,2015,6,10,127.919998,129.339996,127.849998,128.880005
AAPL,2015,6,11,129.179993,130.179993,128.479996,128.589996
AAPL,2015,6,12,128.190002,128.330002,127.110001,127.169998
AAPL,2015,6,15,126.099998,127.239998,125.709999,126.919998
AAPL,2015,6,16,127.029999,127.849998,126.370003,127.599998
AAPL,2015,6,17,127.720001,127.879997,126.739998,127.300003
AAPL,2015,6,18,127.230003,128.309998,127.220001,127.879997
AAPL,2015,6,19,127.709999,127.82,126.400002,126.599998
AAPL,2015,6,22,127.489998,128.059998,127.080002,127.610001
AAPL,2015,6,23,127.480003,127.610001,126.879997,127.029999
AAPL,2015,6,24,127.209999,129.800003,127.120003,NaN
AAPL,2015,6,25,128.860001,129.199997,127.5,127.5
AAPL,2015,6,26,127.669998,127.989998,126.510002,126.75
AAPL,2015,6,29,125.459999,126.470001,124.480003,124.529999
AAPL,2015,6,30,125.57,126.120003,124.860001,NaN
AAPL,2015,7,1,126.900002,126.940002,125.989998,126.599998
AAPL,2015,7,2,126.43,126.690002,125.769997,126.440002
AAPL,2015,7,6,124.940002,126.230003,124.849998,126
AAPL,2015,7,7,125.889999,126.150002,123.769997,125.690002
AAPL,2015,7,8,124.480003,124.639999,122.540001,122.57
AAPL,2015,7,9,123.849998,124.059998,119.220001,120.07
AAPL,2015,7,10,121.940002,123.849998,121.209999,123.279999
AAPL,2015,7,13,125.029999,125.760002,124.32,125.660004
AAPL,2015,7,14,126.040001,126.370003,125.040001,125.610001
AAPL,2015,7,15,125.720001,127.150002,125.580002,126.82
AAPL,2015,7,16,127.739998,128.570007,127.349998,128.509995
AAPL,2015,7,17,129.080002,129.619995,128.309998,129.619995
AAPL,2015,7,20,130.970001,132.970001,130.699997,132.070007
AAPL,2015,7,21,132.850006,132.919998,130.320007,130.75
AAPL,2015,7,22,121.989998,125.5,121.989998,125.220001
AAPL,2015,7,23,126.199997,127.089996,125.059998,125.160004
AAPL,2015,7,24,125.32,125.739998,123.900002,124.5
AAPL,2015,7,27,123.089996,123.610001,122.120003,122.769997
AAPL,2015,7,28,123.379997,123.910004,122.550003,123.379997
AAPL,2015,7,29,123.150002,123.5,122.269997,122.989998
AAPL,2015,7,30,122.32,122.57,121.709999,122.370003
AAPL,2015,7,31,122.599998,122.639999,120.910004,121.300003
AAPL,2015,8,3,121.5,122.57,117.519997,118.440002
AAPL,2015,8,4,117.419998,117.699997,113.25,114.639999
AAPL,2015,8,5,112.949997,117.440002,112.099998,NaN
AAPL,2015,8,6,115.970001,116.5,114.120003,115.129997
AAPL,2015,8,7,114.580002,116.25,114.5,115.519997
AAPL,2015,8,10,116.529999,119.989998,116.529999,119.720001
AAPL,2015,8,11,117.809998,118.18,113.330002,113.489998
AAPL,2015,8,12,112.529999,115.419998,109.629997,115.239998
AAPL,2015,8,13,116.040001,116.400002,114.540001,115.150002
AAPL,2015,8,14,114.32,116.309998,114.010002,115.959999
AAPL,2015,8,17,116.040001,117.650002,115.5,117.160004
AAPL,2015,8,18,116.43,117.440002,116.010002,116.5
AAPL,2015,8,19,116.099998,116.519997,114.68,115.010002
AAPL,2015,8,20,114.080002,114.349998,111.629997,112.650002
AAPL,2015,8,21,110.43,111.900002,105.650002,105.760002
AAPL,2015,8,24,94.870003,108.800003,92,103.120003
AAPL,2015,8,25,111.110001,111.110001,103.5,103.739998
AAPL,2015,8,26,107.089996,109.889999,105.050003,109.690002
AAPL,2015,8,27,112.230003,113.239998,110.019997,112.919998
AAPL,2015,8,28,112.169998,113.309998,111.540001,113.290001
AAPL,2015,8,31,112.029999,114.529999,112,112.760002
AAPL,2015,9,1,110.150002,111.879997,107.360001,107.720001
AAPL,2015,9,2,110.230003,112.339996,109.129997,112.339996
AAPL,2015,9,3,112.489998,112.779999,110.040001,110.370003
AAPL,2015,9,4,108.970001,110.449997,108.510002,109.269997
AAPL,2015,9,8,111.75,112.559998,110.32,112.309998
AAPL,2015,9,9,113.760002,114.019997,109.769997,110.150002
AAPL,2015,9,10,110.269997,113.279999,109.900002,112.57
AAPL,2015,9,11,111.790001,114.209999,111.760002,114.209999
AAPL,2015,9,14,116.580002,116.889999,114.860001,115.309998
AAPL,2015,9,15,115.93,116.529999,114.419998,116.279999
AAPL,2015,9,16,116.25,116.540001,115.440002,116.410004
AAPL,2015,9,17,115.660004,116.489998,113.720001,113.919998
AAPL,2015,9,18,112.209999,114.300003,111.870003,113.449997
AAPL,2015,9,21,113.669998,115.370003,113.660004,115.209999
AAPL,2015,9,22,113.379997,114.18,112.519997,113.400002
AAPL,2015,9,23,113.629997,114.720001,113.300003,114.32
AAPL,2015,9,24,113.25,115.5,112.370003,115
AAPL,2015,9,25,116.440002,116.690002,114.019997,114.709999
AAPL,2015,9,28,113.849998,114.57,112.440002,NaN
AAPL,2015,9,29,112.830002,113.510002,107.860001,109.059998
AAPL,2015,9,30,110.169998,111.540001,108.730003,110.300003
AAPL,2015,10,1,109.07,109.620003,107.309998,109.580002
AAPL,2015,10,2,108.010002,111.010002,107.550003,110.379997
AAPL,2015,10,5,109.879997,111.370003,109.07,110.779999
AAPL,2015,10,6,110.629997,111.739998,109.769997,111.309998
AAPL,2015,10,7,111.739998,111.769997,109.410004,110.779999
AAPL,2015,10,8,110.190002,110.190002,108.209999,109.5
AAPL,2015,10,9,110,112.279999,109.489998,112.120003
AAPL,2015,10,12,112.730003,112.75,111.440002,111.599998
AAPL,2015,10,13,110.82,112.449997,110.68,111.790001
AAPL,2015,10,14,111.290001,111.519997,109.559998,110.209999
AAPL,2015,10,15,110.93,112.099998,110.489998,111.860001
AAPL,2015,10,16,111.779999,112,110.529999,111.040001
AAPL,2015,10,19,110.800003,111.75,110.110001,111.730003
AAPL,2015,10,20,111.339996,114.169998,110.82,113.769997
AAPL,2015,10,21,114,115.580002,113.699997,113.760002
AAPL,2015,10,22,114.330002,115.5,114.099998,115.5
AAPL,2015,10,23,116.699997,119.230003,116.330002,119.080002
AAPL,2015,10,26,118.080002,118.129997,114.919998,115.279999
AAPL,2015,10,27,115.400002,116.540001,113.989998,114.550003
AAPL,2015,10,28,116.93,119.300003,116.059998,119.269997
AAPL,2015,10,29,118.699997,120.690002,118.269997,120.529999
AAPL,2015,10,30,120.989998,121.220001,119.449997,119.5
AAPL,2015,11,2,120.800003,121.360001,119.610001,121.18
AAPL,2015,11,3,120.790001,123.489998,120.699997,122.57
AAPL,2015,11,4,123.129997,123.82,121.620003,122
AAPL,2015,11,5,121.849998,122.690002,120.18,120.919998
AAPL,2015,11,6,121.110001,121.809998,120.620003,121.059998
AAPL,2015,11,9,120.959999,121.809998,120.050003,120.57
AAPL,2015,11,10,116.900002,118.07,116.059998,116.769997
AAPL,2015,11,11,116.370003,117.419998,115.209999,116.110001
AAPL,2015,11,12,116.260002,116.82,115.650002,115.720001
AAPL,2015,11,13,115.199997,115.57,112.269997,112.339996
AAPL,2015,11,16,111.379997,114.239998,111,114.18
AAPL,2015,11,17,114.919998,115.050003,113.32,113.690002
AAPL,2015,11,18,115.760002,117.489998,115.5,117.290001
AAPL,2015,11,19,117.639999,119.75,116.760002,118.779999
AAPL,2015,11,20,119.199997,119.919998,118.849998,119.300003
AAPL,2015,11,23,119.269997,119.730003,117.339996,117.75
AAPL,2015,11,24,117.330002,119.349998,117.120003,118.879997
AAPL,2015,11,25,119.209999,119.230003,117.919998,118.029999
AAPL,2015,11,27,NaN,NaN,NaN,NaN
AAPL,2015,11,30,117.989998,119.410004,117.75,118.300003
AAPL,2015,12,1,118.75,118.809998,116.860001,117.339996
AAPL,2015,12,2,117.339996,118.110001,116.080002,116.279999
AAPL,2015,12,3,116.550003,116.790001,114.220001,115.199997
AAPL,2015,12,4,115.290001,119.25,115.110001,119.029999
AAPL,2015,12,7,118.980003,119.860001,117.809998,118.279999
AAPL,2015,12,8,117.519997,118.599998,116.860001,118.230003
AAPL,2015,12,9,117.639999,117.690002,115.080002,115.620003
AAPL,2015,12,10,116.040001,116.940002,115.510002,116.169998
AAPL,2015,12,11,115.190002,115.389999,112.849998,113.18
AAPL,2015,12,14,112.18,112.68,109.790001,112.480003
AAPL,2015,12,15,111.940002,112.800003,110.349998,110.489998
AAPL,2015,12,16,111.07,111.989998,108.800003,NaN
AAPL,2015,12,17,112.019997,112.25,108.980003,108.980003
AAPL,2015,12,18,108.910004,109.519997,105.809998,106.029999
AAPL,2015,12,21,107.279999,107.370003,105.57,107.330002
AAPL,2015,12,22,107.400002,107.720001,106.449997,107.230003
AAPL,2015,12,23,107.269997,108.849998,107.199997,108.610001
AAPL,2015,12,24,109,109,107.949997,108.029999
AAPL,2015,12,28,107.589996,107.690002,106.18,106.82
AAPL,2015,12,29,106.959999,109.43,106.860001,108.739998
AAPL,2015,12,30,108.580002,108.699997,107.18,107.32
AAPL,2015,12,31,107.010002,107.029999,104.82,105.260002
AAPL,2016,1,4,102.610001,105.370003,102,105.349998
AAPL,2016,1,5,105.75,105.849998,102.410004,102.709999
AAPL,2016,1,6,100.559998,102.370003,99.870003,100.699997
AAPL,2016,1,7,98.68,100.129997,96.43,96.449997
AAPL,2016,1,8,98.550003,99.110001,96.760002,96.959999
AAPL,2016,1,11,98.970001,99.059998,97.339996,98.529999
AAPL,2016,1,12,100.550003,100.690002,98.839996,99.959999
AAPL,2016,1,13,100.32,101.190002,97.300003,NaN
AAPL,2016,1,14,97.959999,100.480003,95.739998,99.519997
AAPL,2016,1,15,96.199997,97.709999,95.360001,97.129997
AAPL,2016,1,19,98.410004,98.650002,95.5,96.660004
AAPL,2016,1,20,NaN,NaN,NaN,NaN
AAPL,2016,1,21,97.059998,97.879997,94.940002,96.300003
AAPL,2016,1,22,98.629997,101.459999,98.370003,101.419998
AAPL,2016,1,25,101.519997,101.529999,99.209999,99.440002
AAPL,2016,1,26,99.93,100.879997,98.07,99.989998
AAPL,2016,1,27,96.040001,96.629997,93.339996,93.419998
AAPL,2016,1,28,93.790001,94.519997,92.389999,94.089996
AAPL,2016,1,29,94.790001,97.339996,94.349998,97.339996
AAPL,2016,2,1,96.470001,96.709999,95.400002,96.43
AAPL,2016,2,2,95.419998,96.040001,94.279999,94.480003
AAPL,2016,2,3,95,96.839996,94.080002,96.349998
AAPL,2016,2,4,95.860001,97.330002,95.190002,96.599998
AAPL,2016,2,5,96.519997,96.919998,93.690002,94.019997
AAPL,2016,2,8,93.129997,95.699997,93.040001,95.010002
AAPL,2016,2,9,94.290001,95.940002,93.93,94.989998
AAPL,2016,2,10,95.919998,96.349998,94.099998,94.269997
AAPL,2016,2,11,93.790001,94.720001,92.589996,93.699997
AAPL,2016,2,12,94.190002,94.5,93.010002,93.989998
AAPL,2016,2,16,95.019997,96.849998,94.610001,96.639999
AAPL,2016,2,17,96.669998,98.209999,96.150002,98.120003
AAPL,2016,2,18,98.839996,98.889999,96.089996,96.260002
AAPL,2016,2,19,96,96.760002,95.800003,96.040001
AAPL,2016,2,22,96.309998,96.900002,95.919998,96.879997
AAPL,2016,2,23,96.400002,96.5,94.550003,94.690002
AAPL,2016,2,24,93.980003,96.379997,93.32,96.099998
AAPL,2016,2,25,96.050003,96.760002,95.25,96.760002
AAPL,2016,2,26,97.199997,98.019997,96.580002,96.910004
AAPL,2016,2,29,96.860001,98.230003,96.650002,96.690002
AAPL,2016,3,1,97.650002,100.769997,97.419998,100.529999
AAPL,2016,3,2,100.510002,100.889999,99.639999,100.75
AAPL,2016,3,3,100.580002,101.709999,100.449997,101.5
AAPL,2016,3,4,102.370003,103.75,101.370003,103.010002
AAPL,2016,3,7,NaN,NaN,NaN,NaN
AAPL,2016,3,8,100.779999,101.760002,100.400002,101.029999
AAPL,2016,3,9,101.309998,101.580002,100.269997,101.120003
AAPL,2016,3,10,101.410004,102.239998,100.150002,101.169998
AAPL,2016,3,11,102.239998,102.279999,101.5,102.260002
AAPL,2016,3,14,101.910004,102.910004,101.779999,102.519997
AAPL,2016,3,15,103.959999,105.18,103.849998,104.580002
AAPL,2016,3,16,104.610001,106.309998,104.589996,NaN
AAPL,2016,3,17,105.519997,106.470001,104.959999,105.800003
AAPL,2016,3,18,106.339996,106.5,105.190002,105.919998
AAPL,2016,3,21,105.93,107.650002,105.139999,NaN
AAPL,2016,3,22,105.25,107.290001,105.209999,106.720001
AAPL,2016,3,23,106.480003,107.07,105.900002,106.129997
AAPL,2016,3,24,105.470001,106.25,104.889999,105.669998
AAPL,2016,3,28,106,106.190002,105.059998,105.190002
AAPL,2016,3,29,104.889999,107.790001,104.879997,107.68
AAPL,2016,3,30,108.650002,110.419998,108.599998,109.559998
AAPL,2016,3,31,109.720001,109.900002,108.879997,108.989998
AAPL,2016,4,1,108.779999,110,108.199997,109.989998
AAPL,2016,4,4,110.419998,112.190002,110.269997,NaN
AAPL,2016,4,5,109.510002,110.730003,109.419998,109.809998
AAPL,2016,4,6,110.230003,110.980003,109.199997,110.959999
AAPL,2016,4,7,109.949997,110.419998,108.120003,108.540001
AAPL,2016,4,8,108.910004,109.769997,108.169998,108.660004
AAPL,2016,4,11,108.970001,110.610001,108.830002,109.019997
AAPL,2016,4,12,109.339996,110.5,108.660004,110.440002
AAPL,2016,4,13,110.800003,112.339996,110.800003,112.040001
AAPL,2016,4,14,111.620003,112.389999,111.330002,112.099998
AAPL,2016,4,15,112.110001,112.300003,109.730003,109.849998
AAPL,2016,4,18,108.889999,108.949997,106.940002,107.480003
AAPL,2016,4,19,107.879997,108,106.230003,106.910004
AAPL,2016,4,20,106.639999,108.089996,106.059998,107.129997
AAPL,2016,4,21,106.93,106.93,105.519997,105.970001
AAPL,2016,4,22,105.010002,106.480003,104.620003,105.68
AAPL,2016,4,25,NaN,NaN,NaN,NaN
AAPL,2016,4,26,103.910004,105.300003,103.910004,104.349998
AAPL,2016,4,27,96,98.709999,95.68,97.82
AAPL,2016,4,28,97.610001,97.879997,94.25,94.830002
AAPL,2016,4,29,93.989998,94.720001,92.510002,93.739998
AAPL,2016,5,2,93.970001,94.080002,92.400002,93.639999
AAPL,2016,5,3,94.199997,95.739998,93.68,95.18
AAPL,2016,5,4,95.199997,95.900002,93.82,94.190002
AAPL,2016,5,5,94,94.07,92.68,93.239998
AAPL,2016,5,6,93.370003,93.449997,91.849998,92.720001
AAPL,2016,5,9,93,93.769997,92.589996,92.790001
AAPL,2016,5,10,93.330002,93.57,92.110001,93.419998
AAPL,2016,5,11,93.480003,93.57,92.459999,92.510002
AAPL,2016,5,12,92.720001,92.779999,89.470001,90.339996
AAPL,2016,5,13,90,91.669998,90,90.519997
AAPL,2016,5,16,92.389999,94.389999,91.650002,93.879997
AAPL,2016,5,17,94.550003,94.699997,93.010002,93.489998
AAPL,2016,5,18,94.160004,95.209999,93.889999,NaN
AAPL,2016,5,19,94.639999,94.639999,93.57,94.199997
AAPL,2016,5,20,94.639999,95.43,94.519997,95.220001
AAPL,2016,5,23,95.870003,97.190002,95.669998,96.43
AAPL,2016,5,24,97.220001,98.089996,96.839996,97.900002
AAPL,2016,5,25,98.669998,99.739998,98.110001,99.620003
AAPL,2016,5,26,99.68,100.730003,98.639999,100.410004
AAPL,2016,5,27,99.440002,100.470001,99.25,100.349998
AAPL,2016,5,31,99.599998,100.400002,98.82,99.860001
AAPL,2016,6,1,99.019997,99.540001,98.330002,98.459999
AAPL,2016,6,2,97.599998,97.839996,96.629997,97.720001
AAPL,2016,6,3,97.790001,98.269997,97.449997,97.919998
AAPL,2016,6,6,97.989998,101.889999,97.550003,98.629997
AAPL,2016,6,7,99.25,99.870003,98.959999,99.029999
AAPL,2016,6,8,99.019997,99.559998,98.68,98.940002
AAPL,2016,6,9,98.5,99.989998,98.459999,99.650002
AAPL,2016,6,10,98.529999,99.349998,98.480003,98.830002
AAPL,2016,6,13,98.690002,99.120003,97.099998,97.339996
AAPL,2016,6,14,97.32,98.480003,96.75,97.459999
AAPL,2016,6,15,97.82,98.410004,97.029999,97.139999
AAPL,2016,6,16,96.449997,97.75,96.07,97.550003
AAPL,2016,6,17,96.620003,96.650002,95.300003,95.330002
AAPL,2016,6,20,96,96.57,95.029999,95.099998
AAPL,2016,6,21,94.940002,96.349998,94.68,95.910004
AAPL,2016,6,22,96.25,96.889999,95.349998,95.550003
AAPL,2016,6,23,95.940002,96.290001,95.25,96.099998
AAPL,2016,6,24,92.910004,94.660004,92.650002,93.400002
AAPL,2016,6,27,93,93.050003,91.5,92.040001
AAPL,2016,6,28,92.900002,93.660004,92.139999,93.589996
AAPL,2016,6,29,93.970001,94.550003,93.629997,94.400002
AAPL,2016,6,30,94.440002,95.769997,94.300003,95.599998
AAPL,2016,7,1,95.489998,96.470001,95.330002,95.889999
AAPL,2016,7,5,95.389999,95.400002,94.459999,94.989998
AAPL,2016,7,6,94.599998,95.660004,94.370003,95.529999
AAPL,2016,7,7,95.699997,96.5,95.620003,95.940002
AAPL,2016,7,8,96.489998,96.889999,96.050003,96.68
AAPL,2016,7,11,96.75,97.650002,96.730003,96.980003
AAPL,2016,7,12,97.169998,97.699997,97.120003,97.419998
AAPL,2016,7,13,97.410004,97.669998,96.839996,96.870003
AAPL,2016,7,14,97.389999,98.989998,97.32,98.790001
AAPL,2016,7,15,98.919998,99.300003,98.5,98.779999
AAPL,2016,7,18,98.699997,100.129997,98.599998,99.830002
AAPL,2016,7,19,99.559998,100,99.339996,99.870003
AAPL,2016,7,20,100,100.459999,99.739998,99.959999
AAPL,2016,7,21,99.830002,101,99.129997,99.43
AAPL,2016,7,22,99.260002,99.300003,98.309998,98.660004
AAPL,2016,7,25,98.25,98.839996,96.919998,97.339996
AAPL,2016,7,26,96.82,97.970001,96.419998,96.669998
AAPL,2016,7,27,104.269997,104.349998,102.75,102.949997
AAPL,2016,7,28,102.830002,104.449997,102.82,104.339996
AAPL,2016,7,29,104.190002,104.550003,103.68,104.209999
AAPL,2016,8,1,104.410004,106.150002,104.410004,106.050003
AAPL,2016,8,2,106.050003,106.07,104,104.480003
AAPL,2016,8,3,104.809998,105.839996,104.769997,105.790001
AAPL,2016,8,4,105.580002,106,105.279999,105.870003
AAPL,2016,8,5,106.269997,107.650002,106.18,107.480003
AAPL,2016,8,8,107.519997,108.370003,107.160004,108.370003
AAPL,2016,8,9,108.230003,108.940002,108.010002,108.809998
AAPL,2016,8,10,108.709999,108.900002,107.760002,108
AAPL,2016,8,11,108.519997,108.93,107.849998,107.93
AAPL,2016,8,12,107.779999,108.440002,107.779999,108.18
AAPL,2016,8,15,108.139999,109.540001,108.080002,NaN
AAPL,2016,8,16,109.629997,110.230003,109.209999,109.379997
AAPL,2016,8,17,109.099998,109.370003,108.339996,109.220001
AAPL,2016,8,18,NaN,NaN,NaN,NaN
AAPL,2016,8,19,108.769997,109.690002,108.360001,109.360001
AAPL,2016,8,22,108.860001,109.099998,107.849998,108.510002
AAPL,2016,8,23,108.589996,109.32,108.529999,108.849998
AAPL,2016,8,24,108.57,108.75,107.68,108.029999
AAPL,2016,8,25,107.389999,107.879997,106.68,107.57
AAPL,2016,8,26,107.410004,107.949997,106.309998,106.940002
AAPL,2016,8,29,106.620003,107.440002,106.290001,106.82
AAPL,2016,8,30,105.800003,106.5,105.5,106
AAPL,2016,8,31,105.660004,106.57,105.639999,106.099998
AAPL,2016,9,1,106.139999,106.800003,105.620003,106.730003
AAPL,2016,9,2,107.699997,108,106.82,107.730003
AAPL,2016,9,6,107.900002,108.300003,107.510002,107.699997
AAPL,2016,9,7,107.830002,108.760002,107.07,108.360001
AAPL,2016,9,8,107.25,107.269997,105.239998,105.519997
AAPL,2016,9,9,104.639999,105.720001,103.129997,103.129997
AAPL,2016,9,12,102.650002,105.720001,102.529999,105.440002
AAPL,2016,9,13,107.510002,108.790001,107.239998,107.949997
AAPL,2016,9,14,108.730003,113.029999,108.599998,111.769997
AAPL,2016,9,15,113.860001,115.730003,113.489998,115.57
AAPL,2016,9,16,115.120003,116.129997,114.040001,114.919998
AAPL,2016,9,19,115.190002,116.18,113.25,113.580002
AAPL,2016,9,20,113.050003,114.120003,112.510002,113.57
AAPL,2016,9,21,NaN,NaN,NaN,NaN
AAPL,2016,9,22,114.349998,114.940002,114,114.620003
AAPL,2016,9,23,114.419998,114.790001,111.550003,112.709999
AAPL,2016,9,26,111.639999,113.389999,111.550003,112.879997
AAPL,2016,9,27,113,113.18,112.339996,113.089996
AAPL,2016,9,28,113.690002,114.639999,113.43,113.949997
AAPL,2016,9,29,113.160004,113.800003,111.800003,112.18
AAPL,2016,9,30,NaN,NaN,NaN,NaN
AAPL,2016,10,3,112.709999,113.050003,112.279999,112.519997
AAPL,2016,10,4,113.059998,114.309998,112.629997,113
AAPL,2016,10,5,113.400002,113.660004,112.690002,113.050003
AAPL,2016,10,6,113.699997,114.339996,113.129997,113.889999
AAPL,2016,10,7,114.309998,114.559998,113.510002,114.059998
AAPL,2016,10,10,115.019997,116.75,114.720001,116.050003
AAPL,2016,10,11,117.699997,118.690002,116.199997,116.300003
AAPL,2016,10,12,117.349998,117.980003,116.75,117.339996
AAPL,2016,10,13,116.790001,117.440002,115.720001,116.980003
AAPL,2016,10,14,117.879997,118.169998,117.129997,117.629997
AAPL,2016,10,17,117.330002,117.839996,116.779999,117.550003
AAPL,2016,10,18,118.18,118.209999,117.449997,117.470001
AAPL,2016,10,19,117.25,117.760002,113.800003,117.120003
AAPL,2016,10,20,116.860001,117.379997,116.330002,117.059998
AAPL,2016,10,21,116.809998,116.910004,116.279999,116.599998
AAPL,2016,10,24,117.099998,117.739998,117,117.650002
AAPL,2016,10,25,117.949997,118.360001,117.309998,118.25
AAPL,2016,10,26,114.309998,115.699997,113.309998,115.589996
AAPL,2016,10,27,115.389999,115.860001,114.099998,114.480003
AAPL,2016,10,28,113.870003,115.209999,113.449997,NaN
AAPL,2016,10,31,113.650002,114.230003,113.199997,113.540001
AAPL,2016,11,1,113.459999,113.769997,110.529999,111.489998
AAPL,2016,11,2,111.400002,112.349998,111.230003,111.589996
AAPL,2016,11,3,110.980003,111.459999,109.550003,109.830002
AAPL,2016,11,4,108.529999,110.25,108.110001,108.839996
AAPL,2016,11,7,110.080002,110.510002,109.459999,110.410004
AAPL,2016,11,8,110.309998,111.720001,109.699997,111.059998
AAPL,2016,11,9,109.879997,111.32,108.050003,110.879997
AAPL,2016,11,10,111.089996,111.089996,105.830002,107.790001
AAPL,2016,11,11,107.120003,108.870003,106.550003,108.43
AAPL,2016,11,14,107.709999,107.809998,104.080002,105.709999
AAPL,2016,11,15,106.57,107.68,106.160004,107.110001
AAPL,2016,11,16,106.699997,110.230003,106.599998,109.989998
AAPL,2016,11,17,109.809998,110.349998,108.830002,109.949997
AAPL,2016,11,18,109.720001,110.540001,109.660004,110.059998
AAPL,2016,11,21,110.120003,111.989998,110.010002,111.730003
AAPL,2016,11,22,111.949997,112.419998,111.400002,111.800003
AAPL,2016,11,23,111.360001,111.510002,110.330002,111.230003
AAPL,2016,11,25,111.129997,111.870003,110.949997,111.790001
AAPL,2016,11,28,111.43,112.470001,111.389999,111.57
AAPL,2016,11,29,110.779999,112.029999,110.07,111.459999
AAPL,2016,11,30,111.599998,112.199997,110.269997,110.519997
AAPL,2016,12,1,110.370003,110.940002,109.029999,109.489998
AAPL,2016,12,2,109.169998,110.089996,108.849998,109.900002
AAPL,2016,12,5,110,110.029999,108.25,109.110001
AAPL,2016,12,6,109.5,110.360001,109.190002,109.949997
AAPL,2016,12,7,109.260002,111.190002,109.160004,111.029999
AAPL,2016,12,8,110.860001,112.43,110.599998,112.120003
AAPL,2016,12,9,112.309998,114.699997,112.309998,113.949997
AAPL,2016,12,12,113.290001,115,112.489998,113.300003
AAPL,2016,12,13,113.839996,115.919998,113.75,115.190002
AAPL,2016,12,14,115.040001,116.199997,114.980003,115.190002
AAPL,2016,12,15,115.379997,116.730003,115.230003,115.82
AAPL,2016,12,16,116.470001,116.5,115.650002,115.970001
AAPL,2016,12,19,115.800003,117.379997,115.75,116.639999
AAPL,2016,12,20,116.739998,117.5,116.68,116.949997
AAPL,2016,12,21,116.800003,117.400002,116.779999,117.059998
AAPL,2016,12,22,116.349998,116.510002,115.639999,116.290001
AAPL,2016,12,23,115.589996,116.519997,115.589996,116.519997
AAPL,2016,12,27,NaN,NaN,NaN,NaN
AAPL,2016,12,28,117.519997,118.019997,116.199997,116.760002
AAPL,2016,12,29,116.449997,117.110001,116.400002,NaN
AAPL,2016,12,30,116.650002,117.199997,115.43,115.82
AAPL,2017,1,3,115.800003,116.330002,114.760002,116.150002
AAPL,2017,1,4,115.849998,116.510002,115.75,116.019997
AAPL,2017,1,5,115.919998,116.860001,115.809998,116.610001
AAPL,2017,1,6,116.779999,118.160004,116.470001,117.910004
AAPL,2017,1,9,117.949997,119.43,117.940002,118.989998
AAPL,2017,1,10,118.769997,119.379997,118.300003,119.110001
AAPL,2017,1,11,NaN,NaN,NaN,NaN
AAPL,2017,1,12,118.900002,119.300003,118.209999,119.25
AAPL,2017,1,13,119.110001,119.620003,118.809998,119.040001
AAPL,2017,1,17,118.339996,120.239998,118.220001,120
AAPL,2017,1,18,120,120.5,119.709999,119.989998
AAPL,2017,1,19,119.400002,120.089996,119.370003,NaN
AAPL,2017,1,20,120.449997,120.449997,119.730003,120
AAPL,2017,1,23,120,120.809998,119.769997,120.080002
AAPL,2017,1,24,119.550003,120.099998,119.5,119.970001
AAPL,2017,1,25,120.419998,122.099998,120.279999,121.879997
AAPL,2017,1,26,121.669998,122.440002,121.599998,121.940002
AAPL,2017,1,27,122.139999,122.349998,121.599998,121.949997
AAPL,2017,1,30,120.93,121.629997,120.660004,121.629997
AAPL,2017,1,31,121.150002,121.389999,120.620003,121.349998
AAPL,2017,2,1,127.029999,130.490005,127.010002,128.75
AAPL,2017,2,2,127.980003,129.389999,127.779999,128.529999
AAPL,2017,2,3,128.309998,129.190002,128.160004,129.080002
AAPL,2017,2,6,NaN,NaN,NaN,NaN
AAPL,2017,2,7,130.539993,132.089996,130.449997,131.529999
AAPL,2017,2,8,131.350006,132.220001,131.220001,132.039993
AAPL,2017,2,9,131.649994,132.449997,131.119995,132.419998
AAPL,2017,2,10,132.460007,132.940002,132.050003,132.119995
AAPL,2017,2,13,133.080002,133.820007,132.75,133.289993
AAPL,2017,2,14,133.470001,135.089996,133.25,NaN
AAPL,2017,2,15,135.520004,136.270004,134.619995,135.509995
AAPL,2017,2,16,135.669998,135.899994,134.839996,135.350006
AAPL,2017,2,17,135.100006,135.830002,135.100006,135.720001
AAPL,2017,2,21,136.229996,136.75,135.979996,136.699997
AAPL,2017,2,22,136.429993,137.119995,136.110001,137.110001
AAPL,2017,2,23,137.380005,137.479996,136.300003,136.529999
AAPL,2017,2,24,135.910004,136.660004,135.279999,136.660004
AAPL,2017,2,27,137.139999,137.440002,136.279999,136.929993
AAPL,2017,2,28,137.080002,137.440002,136.699997,136.990005
AAPL,2017,3,1,137.889999,140.149994,137.600006,139.789993
AAPL,2017,3,2,140,140.279999,138.759995,138.960007
AAPL,2017,3,3,138.779999,139.830002,138.589996,139.779999
AAPL,2017,3,6,139.369995,139.770004,138.600006,139.339996
AAPL,2017,3,7,139.059998,139.979996,138.789993,139.520004
AAPL,2017,3,8,138.949997,139.800003,138.820007,139
AAPL,2017,3,9,138.740005,138.789993,137.050003,138.679993
AAPL,2017,3,10,139.25,139.360001,138.639999,NaN
AAPL,2017,3,13,138.850006,139.429993,138.820007,139.199997
AAPL,2017,3,14,139.300003,139.649994,138.839996,138.990005
AAPL,2017,3,15,139.410004,140.75,139.029999,140.460007
AAPL,2017,3,16,140.720001,141.020004,140.259995,140.690002
AAPL,2017,3,17,141,141,139.889999,139.990005
AAPL,2017,3,20,140.399994,141.5,140.229996,141.460007
AAPL,2017,3,21,142.110001,142.800003,139.729996,139.839996
AAPL,2017,3,22,139.850006,141.600006,139.759995,141.419998
AAPL,2017,3,23,141.259995,141.580002,140.610001,140.919998
AAPL,2017,3,24,141.5,141.740005,140.350006,140.639999
AAPL,2017,3,27,139.389999,141.220001,138.619995,140.880005
AAPL,2017,3,28,140.910004,144.039993,140.619995,143.800003
AAPL,2017,3,29,143.679993,144.490005,143.190002,144.119995
AAPL,2017,3,30,144.190002,144.5,143.5,143.929993
AAPL,2017,3,31,143.720001,144.270004,143.009995,143.660004
AAPL,2017,4,3,NaN,NaN,NaN,NaN
AAPL,2017,4,4,143.25,144.889999,143.169998,144.770004
AAPL,2017,4,5,144.220001,145.460007,143.809998,144.020004
AAPL,2017,4,6,144.289993,144.520004,143.449997,143.660004
AAPL,2017,4,7,143.729996,144.179993,143.270004,143.339996
AAPL,2017,4,10,143.600006,143.880005,142.899994,143.169998
AAPL,2017,4,11,142.940002,143.350006,140.059998,141.630005
AAPL,2017,4,12,141.600006,142.149994,141.009995,141.800003
AAPL,2017,4,13,141.910004,142.380005,141.050003,141.050003
AAPL,2017,4,17,141.479996,141.880005,140.869995,141.830002
AAPL,2017,4,18,141.410004,142.039993,141.110001,141.199997
AAPL,2017,4,19,141.880005,142,140.449997,140.679993
AAPL,2017,4,20,141.220001,142.919998,141.160004,142.440002
AAPL,2017,4,21,142.440002,142.679993,141.850006,142.270004
AAPL,2017,4,24,143.5,143.949997,143.179993,143.639999
AAPL,2017,4,25,143.910004,144.899994,143.869995,144.529999
AAPL,2017,4,26,144.470001,144.600006,143.380005,143.679993
AAPL,2017,4,27,143.919998,144.160004,143.309998,143.789993
AAPL,2017,4,28,144.089996,144.300003,143.270004,143.649994
AAPL,2017,5,1,145.100006,147.199997,144.960007,146.580002
AAPL,2017,5,2,147.539993,148.089996,146.839996,147.509995
AAPL,2017,5,3,145.589996,147.490005,144.270004,147.059998
AAPL,2017,5,4,146.520004,147.139999,145.809998,146.529999
AAPL,2017,5,5,146.759995,148.979996,146.759995,148.960007
AAPL,2017,5,8,149.029999,153.699997,149.029999,153.009995
AAPL,2017,5,9,153.869995,154.880005,153.449997,153.990005
AAPL,2017,5,10,153.630005,153.940002,152.110001,153.259995
AAPL,2017,5,11,152.449997,154.070007,152.309998,153.949997
AAPL,2017,5,12,154.699997,156.419998,154.669998,156.100006
AAPL,2017,5,15,156.009995,156.649994,155.050003,155.699997
AAPL,2017,5,16,155.940002,156.059998,154.720001,155.470001
AAPL,2017,5,17,153.600006,154.570007,149.710007,150.25
AAPL,2017,5,18,151.270004,153.339996,151.130005,152.539993
AAPL,2017,5,19,153.380005,153.979996,152.630005,153.059998
AAPL,2017,5,22,154,154.580002,152.910004,153.990005
AAPL,2017,5,23,154.899994,154.899994,153.309998,153.800003
AAPL,2017,5,24,153.839996,154.169998,152.669998,153.339996
AAPL,2017,5,25,153.729996,154.350006,153.029999,153.869995
AAPL,2017,5,26,154,154.240005,153.309998,153.610001
AAPL,2017,5,30,153.419998,154.429993,153.330002,153.669998
AAPL,2017,5,31,153.970001,154.169998,152.380005,152.759995
AAPL,2017,6,1,153.169998,153.330002,152.220001,153.179993
AAPL,2017,6,2,153.580002,155.449997,152.889999,155.449997
AAPL,2017,6,5,154.339996,154.449997,153.460007,153.929993
AAPL,2017,6,6,NaN,NaN,NaN,NaN
AAPL,2017,6,7,155.020004,155.979996,154.479996,155.369995
AAPL,2017,6,8,155.25,155.539993,154.399994,154.990005
AAPL,2017,6,9,155.190002,155.190002,146.020004,148.979996
AAPL,2017,6,12,145.740005,146.089996,142.509995,145.419998
AAPL,2017,6,13,147.160004,147.449997,145.149994,146.589996
AAPL,2017,6,14,147.5,147.5,143.839996,145.160004
AAPL,2017,6,15,143.320007,144.479996,142.210007,144.289993
AAPL,2017,6,16,143.779999,144.5,142.199997,142.270004
AAPL,2017,6,19,143.660004,146.740005,143.660004,146.339996
AAPL,2017,6,20,146.869995,146.869995,144.940002,NaN
AAPL,2017,6,21,145.520004,146.070007,144.610001,145.869995
AAPL,2017,6,22,145.770004,146.699997,145.119995,145.630005
AAPL,2017,6,23,145.130005,147.160004,145.110001,146.279999
AAPL,2017,6,26,147.169998,148.279999,145.380005,145.820007
AAPL,2017,6,27,145.009995,146.160004,143.619995,143.729996
AAPL,2017,6,28,144.490005,146.110001,143.160004,145.830002
AAPL,2017,6,29,144.710007,145.130005,142.279999,143.679993
AAPL,2017,6,30,144.449997,144.960007,143.779999,144.020004
AAPL,2017,7,3,144.880005,145.300003,143.100006,143.5
AAPL,2017,7,5,143.690002,144.789993,142.720001,144.089996
AAPL,2017,7,6,143.020004,143.5,142.410004,142.729996
AAPL,2017,7,7,142.899994,144.75,142.899994,144.179993
AAPL,2017,7,10,144.110001,145.949997,143.369995,145.059998
AAPL,2017,7,11,144.729996,145.850006,144.380005,145.529999
AAPL,2017,7,12,145.869995,146.179993,144.820007,145.740005
AAPL,2017,7,13,145.5,148.490005,145.440002,147.770004
AAPL,2017,7,14,147.970001,149.330002,147.330002,149.039993
AAPL,2017,7,17,148.820007,150.899994,148.570007,149.559998
AAPL,2017,7,18,149.199997,150.130005,148.669998,150.080002
AAPL,2017,7,19,150.479996,151.419998,149.949997,151.020004
AAPL,2017,7,20,151.5,151.740005,150.190002,150.339996
AAPL,2017,7,21,149.990005,150.440002,148.880005,150.270004
AAPL,2017,7,24,150.580002,152.440002,149.899994,152.089996
AAPL,2017,7,25,151.800003,153.839996,151.800003,152.740005
AAPL,2017,7,26,153.350006,153.929993,153.059998,153.460007
AAPL,2017,7,27,153.75,153.990005,147.300003,150.559998
AAPL,2017,7,28,NaN,NaN,NaN,NaN
AAPL,2017,7,31,149.899994,150.330002,148.130005,NaN
AAPL,2017,8,1,149.100006,150.220001,148.410004,150.050003
AAPL,2017,8,2,159.279999,159.75,156.160004,157.139999
AAPL,2017,8,3,157.050003,157.210007,155.020004,155.570007
AAPL,2017,8,4,156.070007,157.399994,155.690002,156.389999
AAPL,2017,8,7,157.059998,158.919998,156.669998,158.809998
AAPL,2017,8,8,158.600006,161.830002,158.270004,160.080002
AAPL,2017,8,9,159.259995,161.270004,159.110001,161.059998
AAPL,2017,8,10,159.899994,160,154.630005,155.320007
AAPL,2017,8,11,156.600006,158.570007,156.070007,157.479996
AAPL,2017,8,14,159.320007,160.210007,158.75,159.850006
AAPL,2017,8,15,160.660004,162.199997,160.139999,161.600006
AAPL,2017,8,16,161.940002,162.509995,160.149994,160.949997
AAPL,2017,8,17,160.520004,160.710007,157.839996,157.860001
AAPL,2017,8,18,157.860001,159.5,156.720001,157.5
AAPL,2017,8,21,157.5,157.889999,155.110001,157.210007
AAPL,2017,8,22,158.229996,160,158.020004,159.779999
AAPL,2017,8,23,159.070007,160.470001,158.880005,159.979996
AAPL,2017,8,24,160.429993,160.740005,158.550003,159.270004
AAPL,2017,8,25,159.649994,160.559998,159.270004,159.860001
AAPL,2017,8,28,160.139999,162,159.929993,161.470001
AAPL,2017,8,29,160.100006,163.119995,160,162.910004
AAPL,2017,8,30,163.800003,163.889999,162.610001,163.350006
AAPL,2017,8,31,163.639999,164.520004,163.479996,164
AAPL,2017,9,1,164.800003,164.940002,163.630005,164.050003
AAPL,2017,9,5,163.75,164.25,160.559998,162.080002
AAPL,2017,9,6,162.710007,162.990005,160.520004,161.910004
AAPL,2017,9,7,162.089996,162.240005,160.360001,161.259995
AAPL,2017,9,8,NaN,NaN,NaN,NaN
AAPL,2017,9,11,160.5,162.050003,159.889999,161.5
AAPL,2017,9,12,162.610001,163.960007,158.770004,160.860001
AAPL,2017,9,13,159.869995,159.960007,157.910004,159.649994
AAPL,2017,9,14,158.990005,159.399994,158.089996,158.279999
AAPL,2017,9,15,158.470001,160.970001,158,159.880005
AAPL,2017,9,18,160.110001,160.5,158,158.669998
AAPL,2017,9,19,159.509995,159.770004,158.440002,158.729996
AAPL,2017,9,20,157.899994,158.259995,153.830002,156.070007
AAPL,2017,9,21,155.800003,155.800003,152.75,153.389999
AAPL,2017,9,22,151.539993,152.270004,150.559998,151.889999
AAPL,2017,9,25,149.990005,151.830002,149.160004,150.550003
AAPL,2017,9,26,151.779999,153.919998,151.690002,153.139999
AAPL,2017,9,27,153.800003,154.720001,153.539993,154.229996
AAPL,2017,9,28,153.889999,154.279999,152.699997,153.279999
AAPL,2017,9,29,153.210007,154.130005,152,154.119995
AAPL,2017,10,2,154.259995,154.449997,152.720001,153.809998
AAPL,2017,10,3,154.009995,155.089996,153.910004,154.479996
AAPL,2017,10,4,153.630005,153.860001,152.460007,153.479996
AAPL,2017,10,5,154.179993,155.440002,154.050003,155.389999
AAPL,2017,10,6,154.970001,155.490005,154.559998,155.300003
AAPL,2017,10,9,155.809998,156.729996,155.490005,155.839996
AAPL,2017,10,10,156.059998,158,155.100006,155.899994
AAPL,2017,10,11,155.970001,156.979996,155.75,156.550003
AAPL,2017,10,12,156.350006,157.369995,155.729996,156
AAPL,2017,10,13,156.729996,157.279999,156.410004,156.990005
AAPL,2017,10,16,157.899994,160,157.649994,159.880005
AAPL,2017,10,17,159.779999,160.869995,159.229996,NaN
AAPL,2017,10,18,160.419998,160.710007,159.600006,159.759995
AAPL,2017,10,19,156.75,157.080002,155.020004,155.979996
AAPL,2017,10,20,156.610001,157.75,155.960007,156.25
AAPL,2017,10,23,156.889999,157.690002,155.5,156.169998
AAPL,2017,10,24,156.289993,157.419998,156.199997,157.100006
AAPL,2017,10,25,156.910004,157.550003,155.270004,156.410004
AAPL,2017,10,26,157.229996,157.830002,156.779999,157.410004
AAPL,2017,10,27,159.289993,163.600006,158.699997,163.050003
AAPL,2017,10,30,163.889999,168.070007,163.720001,NaN
AAPL,2017,10,31,167.899994,169.649994,166.940002,169.039993
AAPL,2017,11,1,169.869995,169.940002,165.610001,166.889999
AAPL,2017,11,2,166.600006,168.5,165.279999,168.110001
AAPL,2017,11,3,174,174.259995,171.119995,172.5
AAPL,2017,11,6,172.369995,174.990005,171.720001,174.25
AAPL,2017,11,7,173.910004,175.25,173.600006,174.809998
AAPL,2017,11,8,174.660004,176.240005,174.330002,176.240005
AAPL,2017,11,9,175.110001,176.100006,173.139999,175.880005
AAPL,2017,11,10,175.110001,175.380005,174.270004,174.669998
AAPL,2017,11,13,173.5,174.5,173.399994,173.970001
AAPL,2017,11,14,173.039993,173.479996,171.179993,171.339996
AAPL,2017,11,15,169.970001,170.320007,168.380005,169.080002
AAPL,2017,11,16,171.179993,171.869995,170.300003,171.100006
AAPL,2017,11,17,171.039993,171.389999,169.639999,170.149994
AAPL,2017,11,20,NaN,NaN,NaN,NaN
AAPL,2017,11,21,170.779999,173.699997,170.779999,173.139999
AAPL,2017,11,22,173.360001,175,173.050003,174.960007
AAPL,2017,11,24,175.100006,175.5,174.649994,174.970001
AAPL,2017,11,27,175.050003,175.080002,173.339996,174.089996
AAPL,2017,11,28,174.300003,174.869995,171.860001,173.070007
AAPL,2017,11,29,172.630005,172.919998,167.160004,169.479996
AAPL,2017,11,30,170.429993,172.139999,168.440002,171.850006
AAPL,2017,12,1,169.949997,171.669998,168.5,NaN
AAPL,2017,12,4,172.479996,172.619995,169.630005,169.800003
AAPL,2017,12,5,169.059998,171.520004,168.399994,169.639999
AAPL,2017,12,6,167.5,170.199997,166.460007,169.009995
AAPL,2017,12,7,169.029999,170.440002,168.910004,169.320007
AAPL,2017,12,8,170.490005,171,168.820007,169.369995
AAPL,2017,12,11,169.199997,172.889999,168.789993,172.669998
AAPL,2017,12,12,172.149994,172.389999,171.460007,171.699997
AAPL,2017,12,13,172.5,173.539993,172,172.270004
AAPL,2017,12,14,172.399994,173.130005,171.649994,172.220001
AAPL,2017,12,15,173.630005,174.169998,172.460007,173.970001
AAPL,2017,12,18,174.880005,177.199997,174.860001,176.419998
AAPL,2017,12,19,175.029999,175.389999,174.089996,174.539993
AAPL,2017,12,20,174.869995,175.419998,173.25,174.350006
AAPL,2017,12,21,174.169998,176.020004,174.100006,175.009995
AAPL,2017,12,22,174.679993,175.419998,174.5,175.009995
AAPL,2017,12,26,170.800003,171.470001,169.679993,170.570007
AAPL,2017,12,27,170.100006,170.779999,169.710007,NaN
AAPL,2017,12,28,171,171.850006,170.479996,171.080002
AAPL,2017,12,29,NaN,NaN,NaN,NaN
AAPL,2018,1,2,170.160004,172.300003,169.259995,172.259995
AAPL,2018,1,3,172.529999,174.550003,171.960007,172.229996
AAPL,2018,1,4,172.539993,173.470001,172.080002,173.029999
AAPL,2018,1,5,173.440002,175.369995,173.050003,175
AAPL,2018,1,8,174.350006,175.610001,173.929993,174.350006
AAPL,2018,1,9,174.550003,175.059998,173.410004,174.330002
AAPL,2018,1,10,173.160004,174.300003,173,174.289993
AAPL,2018,1,11,174.589996,175.490005,174.490005,175.279999
AAPL,2018,1,12,176.179993,177.360001,175.649994,177.089996
AAPL,2018,1,16,177.899994,179.389999,176.139999,176.190002
AAPL,2018,1,17,176.149994,179.25,175.070007,179.100006
AAPL,2018,1,18,179.369995,180.100006,178.25,179.259995
AAPL,2018,1,19,178.610001,179.580002,177.410004,178.460007
AAPL,2018,1,22,177.300003,177.779999,176.600006,177
AAPL,2018,1,23,177.300003,179.440002,176.820007,177.039993
AAPL,2018,1,24,177.25,177.300003,173.199997,174.220001
AAPL,2018,1,25,174.509995,174.949997,170.529999,171.110001
AAPL,2018,1,26,172,172,170.059998,171.509995
AAPL,2018,1,29,NaN,NaN,NaN,NaN
AAPL,2018,1,30,165.529999,167.369995,164.699997,166.970001
AAPL,2018,1,31,166.869995,168.440002,166.5,167.429993
AAPL,2018,2,1,167.169998,168.619995,166.759995,167.779999
AAPL,2018,2,2,166,166.800003,160.100006,160.5
AAPL,2018,2,5,159.100006,163.880005,156,156.490005
AAPL,2018,2,6,154.830002,163.720001,154,163.029999
AAPL,2018,2,7,163.089996,163.399994,159.070007,159.539993
AAPL,2018,2,8,160.289993,161,155.029999,155.149994
AAPL,2018,2,9,157.070007,157.889999,150.240005,NaN
AAPL,2018,2,12,158.5,163.889999,157.509995,162.710007
AAPL,2018,2,13,161.949997,164.75,161.649994,164.339996
AAPL,2018,2,14,163.039993,167.539993,162.880005,167.369995
AAPL,2018,2,15,169.789993,173.089996,169,172.990005
AAPL,2018,2,16,172.360001,174.820007,171.770004,172.429993
AAPL,2018,2,20,172.050003,174.259995,171.419998,171.850006
AAPL,2018,2,21,172.830002,174.119995,171.009995,171.070007
AAPL,2018,2,22,171.800003,173.949997,171.710007,172.5
AAPL,2018,2,23,173.669998,175.649994,173.539993,NaN
AAPL,2018,2,26,176.350006,179.389999,176.210007,178.970001
AAPL,2018,2,27,179.100006,180.479996,178.160004,178.389999
AAPL,2018,2,28,NaN,NaN,NaN,NaN
AAPL,2018,3,1,178.539993,179.779999,172.660004,175
AAPL,2018,3,2,172.800003,176.300003,172.449997,176.210007
AAPL,2018,3,5,175.210007,177.740005,174.520004,176.820007
AAPL,2018,3,6,177.910004,178.25,176.130005,176.669998
AAPL,2018,3,7,174.940002,175.850006,174.270004,175.029999
AAPL,2018,3,8,175.479996,177.119995,175.070007,NaN
AAPL,2018,3,9,177.960007,180,177.389999,179.979996
AAPL,2018,3,12,180.289993,182.389999,180.210007,181.720001
AAPL,2018,3,13,182.589996,183.5,179.240005,179.970001
AAPL,2018,3,14,180.320007,180.520004,177.809998,178.440002
AAPL,2018,3,15,178.5,180.240005,178.070007,178.649994
AAPL,2018,3,16,178.649994,179.119995,177.619995,178.020004
AAPL,2018,3,19,177.320007,177.470001,173.660004,175.300003
AAPL,2018,3,20,175.240005,176.800003,174.940002,175.240005
AAPL,2018,3,21,175.039993,175.089996,171.259995,171.270004
AAPL,2018,3,22,170,172.679993,168.600006,168.850006
AAPL,2018,3,23,168.389999,169.919998,164.940002,164.940002
AAPL,2018,3,26,NaN,NaN,NaN,NaN
AAPL,2018,3,27,173.679993,175.149994,166.919998,168.339996
AAPL,2018,3,28,167.25,170.020004,165.190002,166.479996
AAPL,2018,3,29,167.809998,171.75,166.899994,167.779999
AAPL,2018,4,2,166.639999,168.940002,164.470001,166.679993
AAPL,2018,4,3,167.639999,168.75,164.880005,168.389999
AAPL,2018,4,4,164.880005,172.009995,164.770004,171.610001
AAPL,2018,4,5,172.580002,174.229996,172.080002,172.800003
AAPL,2018,4,6,170.970001,172.479996,168.199997,168.380005
AAPL,2018,4,9,169.880005,173.089996,169.850006,170.050003
AAPL,2018,4,10,173,174,171.529999,173.25
AAPL,2018,4,11,172.229996,173.919998,171.699997,NaN
AAPL,2018,4,12,173.410004,175,173.039993,174.139999
AAPL,2018,4,13,174.779999,175.839996,173.850006,174.729996
AAPL,2018,4,16,175.029999,176.190002,174.830002,175.820007
AAPL,2018,4,17,176.490005,178.940002,176.410004,178.240005
AAPL,2018,4,18,177.809998,178.820007,176.880005,177.839996
AAPL,2018,4,19,173.759995,175.389999,172.660004,172.800003
AAPL,2018,4,20,170.600006,171.220001,165.429993,165.720001
AAPL,2018,4,23,166.830002,166.919998,164.089996,165.240005
AAPL,2018,4,24,165.669998,166.330002,161.220001,162.940002
AAPL,2018,4,25,162.619995,165.419998,162.410004,163.649994
AAPL,2018,4,26,164.119995,165.729996,163.369995,164.220001
AAPL,2018,4,27,164,164.330002,160.630005,162.320007
AAPL,2018,4,30,162.130005,167.259995,161.839996,165.259995
AAPL,2018,5,1,NaN,NaN,NaN,NaN
AAPL,2018,5,2,175.229996,177.75,173.800003,176.570007
AAPL,2018,5,3,175.880005,177.5,174.440002,176.889999
AAPL,2018,5,4,178.25,184.25,178.169998,183.830002
AAPL,2018,5,7,185.179993,187.669998,184.75,185.160004
AAPL,2018,5,8,NaN,NaN,NaN,NaN
AAPL,2018,5,9,186.550003,187.399994,185.220001,187.360001
AAPL,2018,5,10,187.740005,190.369995,187.649994,190.039993
AAPL,2018,5,11,189.490005,190.059998,187.449997,188.589996
AAPL,2018,5,14,189.009995,189.529999,187.860001,188.149994
AAPL,2018,5,15,186.779999,187.070007,185.100006,186.440002
AAPL,2018,5,16,186.070007,188.460007,186,188.179993
AAPL,2018,5,17,188,188.910004,186.360001,186.990005
AAPL,2018,5,18,187.190002,187.809998,186.130005,186.309998
AAPL,2018,5,21,188,189.270004,186.910004,187.630005
AAPL,2018,5,22,188.380005,188.880005,186.779999,187.160004
AAPL,2018,5,23,186.350006,188.5,185.759995,188.360001
AAPL,2018,5,24,188.770004,188.839996,186.210007,188.149994
AAPL,2018,5,25,188.229996,189.649994,187.649994,188.580002
AAPL,2018,5,29,NaN,NaN,NaN,NaN
AAPL,2018,5,30,187.720001,188,186.779999,187.5
AAPL,2018,5,31,NaN,NaN,NaN,NaN
AAPL,2018,6,1,187.990005,190.259995,187.75,190.240005
AAPL,2018,6,4,191.639999,193.419998,191.350006,191.830002
AAPL,2018,6,5,193.070007,193.940002,192.360001,193.309998
AAPL,2018,6,6,193.630005,194.080002,191.919998,193.979996
AAPL,2018,6,7,194.139999,194.199997,192.339996,193.460007
AAPL,2018,6,8,191.169998,192,189.770004,191.699997
AAPL,2018,6,11,191.350006,191.970001,190.210007,191.229996
AAPL,2018,6,12,191.389999,192.610001,191.149994,192.279999
AAPL,2018,6,13,192.419998,192.880005,190.440002,190.699997
AAPL,2018,6,14,191.550003,191.570007,190.220001,190.800003
AAPL,2018,6,15,190.029999,190.160004,188.259995,188.839996
AAPL,2018,6,18,187.880005,189.220001,187.199997,188.740005
AAPL,2018,6,19,185.139999,186.330002,183.449997,185.690002
AAPL,2018,6,20,186.350006,187.199997,185.729996,186.5
AAPL,2018,6,21,187.25,188.350006,184.940002,185.460007
AAPL,2018,6,22,186.119995,186.149994,184.699997,184.919998
AAPL,2018,6,25,183.399994,184.919998,180.729996,182.169998
AAPL,2018,6,26,182.990005,186.529999,182.539993,184.429993
AAPL,2018,6,27,185.229996,187.279999,184.029999,184.160004
AAPL,2018,6,28,184.100006,186.210007,183.800003,185.5
AAPL,2018,6,29,186.289993,187.190002,182.910004,185.110001
AAPL,2018,7,2,183.820007,187.300003,183.419998,187.179993
AAPL,2018,7,3,187.789993,187.949997,183.539993,183.919998
AAPL,2018,7,5,185.259995,186.410004,184.279999,185.399994
AAPL,2018,7,6,NaN,NaN,NaN,NaN
AAPL,2018,7,9,189.5,190.679993,189.300003,190.580002
AAPL,2018,7,10,190.710007,191.279999,190.179993,190.350006
AAPL,2018,7,11,NaN,NaN,NaN,NaN
AAPL,2018,7,12,189.529999,191.410004,189.309998,NaN
AAPL,2018,7,13,191.080002,191.839996,190.899994,191.330002
AAPL,2018,7,16,191.520004,192.649994,190.419998,190.910004
AAPL,2018,7,17,189.75,191.869995,189.199997,191.449997
AAPL,2018,7,18,191.779999,191.800003,189.929993,190.399994
AAPL,2018,7,19,189.690002,192.550003,189.690002,191.880005
AAPL,2018,7,20,191.779999,192.429993,190.169998,191.440002
AAPL,2018,7,23,190.679993,191.960007,189.559998,191.610001
AAPL,2018,7,24,192.449997,193.660004,192.050003,193
AAPL,2018,7,25,193.059998,194.850006,192.429993,194.820007
AAPL,2018,7,26,194.610001,195.960007,193.610001,194.210007
AAPL,2018,7,27,194.990005,195.190002,190.100006,190.979996
AAPL,2018,7,30,NaN,NaN,NaN,NaN
AAPL,2018,7,31,190.300003,192.139999,189.339996,190.289993
AAPL,2018,8,1,199.130005,201.759995,197.309998,201.5
AAPL,2018,8,2,200.580002,208.380005,200.350006,207.389999
AAPL,2018,8,3,207.029999,208.740005,205.479996,207.990005
AAPL,2018,8,6,208,209.25,207.070007,209.070007
AAPL,2018,8,7,209.320007,209.5,206.759995,207.110001
AAPL,2018,8,8,206.050003,207.809998,204.520004,207.25
AAPL,2018,8,9,207.279999,209.779999,207.199997,208.880005
AAPL,2018,8,10,207.360001,209.100006,206.669998,207.529999
AAPL,2018,8,13,207.699997,210.949997,207.699997,208.869995
AAPL,2018,8,14,210.160004,210.559998,208.259995,209.75
AAPL,2018,8,15,209.220001,210.740005,208.330002,210.240005
AAPL,2018,8,16,211.75,213.809998,211.470001,213.320007
AAPL,2018,8,17,213.440002,217.949997,213.160004,217.580002
AAPL,2018,8,20,218.100006,219.179993,215.110001,215.460007
AAPL,2018,8,21,216.800003,217.190002,214.029999,215.039993
AAPL,2018,8,22,214.100006,216.360001,213.839996,215.050003
AAPL,2018,8,23,NaN,NaN,NaN,NaN
AAPL,2018,8,24,216.600006,216.899994,215.110001,216.160004
AAPL,2018,8,27,217.149994,218.740005,216.330002,217.940002
AAPL,2018,8,28,219.009995,220.539993,218.919998,219.699997
AAPL,2018,8,29,220.149994,223.490005,219.410004,222.979996
AAPL,2018,8,30,223.25,228.259995,222.399994,225.029999
AAPL,2018,8,31,226.509995,228.869995,226,227.630005
AAPL,2018,9,4,228.410004,229.179993,226.630005,228.360001
AAPL,2018,9,5,228.990005,229.669998,225.100006,226.869995
AAPL,2018,9,6,NaN,NaN,NaN,NaN
AAPL,2018,9,7,NaN,NaN,NaN,NaN
AAPL,2018,9,10,220.949997,221.850006,216.470001,218.330002
AAPL,2018,9,11,218.009995,224.300003,216.559998,223.850006
AAPL,2018,9,12,224.940002,225,219.839996,221.070007
AAPL,2018,9,13,223.520004,228.350006,222.570007,226.410004
AAPL,2018,9,14,225.75,226.839996,222.520004,223.839996
AAPL,2018,9,17,222.149994,222.949997,217.270004,217.880005
AAPL,2018,9,18,217.789993,221.850006,217.119995,218.240005
AAPL,2018,9,19,218.5,219.619995,215.300003,218.369995
AAPL,2018,9,20,220.240005,222.279999,219.149994,220.029999
AAPL,2018,9,21,220.779999,221.360001,217.289993,217.660004
AAPL,2018,9,24,216.820007,221.259995,216.630005,220.789993
AAPL,2018,9,25,219.75,222.820007,219.699997,222.190002
AAPL,2018,9,26,221,223.75,219.759995,220.419998
AAPL,2018,9,27,223.820007,226.440002,223.539993,224.949997
AAPL,2018,9,28,224.789993,225.839996,224.020004,225.740005
AAPL,2018,10,1,NaN,NaN,NaN,NaN
AAPL,2018,10,2,227.25,230,226.630005,229.279999
AAPL,2018,10,3,230.050003,233.470001,229.779999,232.070007
AAPL,2018,10,4,230.779999,232.350006,226.729996,227.990005
AAPL,2018,10,5,227.960007,228.410004,220.580002,224.289993
AAPL,2018,10,8,222.210007,224.800003,220.199997,223.770004
AAPL,2018,10,9,223.639999,227.270004,222.25,226.869995
AAPL,2018,10,10,225.460007,226.350006,216.050003,216.360001
AAPL,2018,10,11,214.520004,219.5,212.320007,214.449997
AAPL,2018,10,12,220.419998,222.880005,216.839996,222.110001
AAPL,2018,10,15,221.160004,221.830002,217.270004,217.360001
AAPL,2018,10,16,218.929993,222.990005,216.759995,222.149994
AAPL,2018,10,17,222.300003,222.639999,219.339996,221.190002
AAPL,2018,10,18,217.860001,219.740005,213,216.020004
AAPL,2018,10,19,218.059998,221.259995,217.429993,219.309998
AAPL,2018,10,22,219.789993,223.360001,218.940002,220.649994
AAPL,2018,10,23,215.830002,223.25,214.699997,222.729996
AAPL,2018,10,24,222.600006,224.229996,214.539993,215.089996
AAPL,2018,10,25,217.710007,221.380005,216.75,219.800003
AAPL,2018,10,26,215.899994,220.190002,212.669998,216.300003
AAPL,2018,10,29,219.190002,219.690002,206.089996,212.240005
AAPL,2018,10,30,211.149994,215.179993,209.270004,213.300003
AAPL,2018,10,31,216.880005,220.449997,216.619995,218.860001
AAPL,2018,11,1,219.050003,222.360001,216.809998,222.220001
AAPL,2018,11,2,209.550003,213.649994,205.429993,207.479996
AAPL,2018,11,5,204.300003,204.389999,198.169998,201.589996
AAPL,2018,11,6,201.919998,204.720001,201.690002,203.770004
AAPL,2018,11,7,205.970001,210.059998,204.130005,NaN
AAPL,2018,11,8,209.979996,210.119995,206.75,208.490005
AAPL,2018,11,9,205.550003,206.009995,202.25,204.470001
AAPL,2018,11,12,199,199.850006,193.789993,194.169998
AAPL,2018,11,13,191.630005,197.179993,191.449997,192.229996
AAPL,2018,11,14,193.899994,194.479996,185.929993,186.800003
AAPL,2018,11,15,188.389999,191.970001,186.899994,191.410004
AAPL,2018,11,16,190.5,194.970001,189.460007,193.529999
AAPL,2018,11,19,190,190.699997,184.990005,185.860001
AAPL,2018,11,20,178.369995,181.470001,175.509995,176.979996
AAPL,2018,11,21,179.729996,180.270004,176.550003,176.779999
AAPL,2018,11,23,174.940002,176.600006,172.100006,172.289993
AAPL,2018,11,26,174.240005,174.949997,170.259995,174.619995
AAPL,2018,11,27,171.509995,174.770004,170.880005,174.240005
AAPL,2018,11,28,176.729996,181.289993,174.929993,NaN
AAPL,2018,11,29,182.660004,182.800003,177.699997,179.550003
AAPL,2018,11,30,180.289993,180.330002,177.029999,178.580002
AAPL,2018,12,3,184.460007,184.940002,181.210007,184.820007
AAPL,2018,12,4,180.949997,182.389999,176.270004,176.690002
AAPL,2018,12,6,171.759995,174.779999,170.419998,174.720001
AAPL,2018,12,7,173.490005,174.490005,168.300003,168.490005
AAPL,2018,12,10,165,170.089996,163.330002,169.600006
AAPL,2018,12,11,171.660004,171.789993,167,168.630005
AAPL,2018,12,12,170.399994,171.919998,169.020004,169.100006
AAPL,2018,12,13,170.490005,172.570007,169.550003,170.949997
AAPL,2018,12,14,169,169.080002,165.279999,165.479996
AAPL,2018,12,17,165.449997,168.350006,162.729996,163.940002
AAPL,2018,12,18,165.380005,167.529999,164.389999,166.070007
AAPL,2018,12,19,166,167.449997,159.089996,160.889999
AAPL,2018,12,20,160.399994,162.110001,155.300003,NaN
AAPL,2018,12,21,156.860001,158.160004,149.630005,150.729996
AAPL,2018,12,24,148.149994,151.550003,146.589996,146.830002
AAPL,2018,12,26,148.300003,157.229996,146.720001,157.169998
AAPL,2018,12,27,155.839996,156.770004,150.070007,156.149994
AAPL,2018,12,28,157.5,158.520004,154.550003,156.229996
