Stock ,Day,Month,Year,Open,High,Low,Close
DIS,3,January,2012,37.970001,38.459999,37.939999,38.310001
DIS,4,January,2012,38.189999,38.990002,38.119999,38.849998
DIS,5,January,2012,38.830002,39.580002,38.700001,39.5
DIS,6,January,2012,39.549999,40.150002,39.450001,39.91
DIS,9,January,2012,39.740002,40.25,39.59,39.75
DIS,10,January,2012,39.48,39.91,39.16,39.630001
DIS,11,January,2012,39.389999,39.529999,38.450001,38.700001
DIS,12,January,2012,38.619999,38.860001,38.41,38.73
DIS,13,January,2012,38.470001,38.59,38.02,38.400002
DIS,17,January,2012,38.689999,38.98,38.41,38.48
DIS,18,January,2012,NaN,NaN,NaN,NaN
DIS,19,January,2012,NaN,NaN,NaN,NaN
DIS,20,January,2012,39.419998,39.439999,39.099998,39.310001
DIS,23,January,2012,39.380001,39.5,38.959999,39.25
DIS,24,January,2012,39.029999,39.27,38.57,39.25
DIS,25,January,2012,39.119999,39.68,38.959999,39.560001
DIS,26,January,2012,39.59,39.75,39.060001,39.349998
DIS,27,January,2012,39.27,39.5,38.98,39.25
DIS,30,January,2012,38.740002,39.110001,38.380001,38.990002
DIS,31,January,2012,39.080002,39.310001,38.66,38.900002
DIS,1,February,2012,39.25,39.669998,39.16,39.330002
DIS,2,February,2012,39.220001,39.25,38.560001,38.91
DIS,3,February,2012,39.43,40,39.360001,40
DIS,6,February,2012,40,40.59,39.959999,40.459999
DIS,7,February,2012,40.73,41.150002,40.200001,40.98
DIS,8,February,2012,41.369999,41.91,40.990002,41.27
DIS,9,February,2012,40.75,41.639999,40.549999,41.529999
DIS,10,February,2012,40.939999,41.450001,40.830002,41.450001
DIS,13,February,2012,41.619999,41.919998,41.59,41.790001
DIS,14,February,2012,41.5,41.619999,41.259998,41.599998
DIS,15,February,2012,NaN,NaN,NaN,NaN
DIS,16,February,2012,41.23,41.73,41.080002,41.540001
DIS,17,February,2012,41.709999,41.860001,41.549999,41.75
DIS,21,February,2012,41.799999,41.900002,41.490002,41.57
DIS,22,February,2012,41.549999,41.709999,41.150002,41.27
DIS,23,February,2012,41.279999,41.669998,41.09,41.48
DIS,24,February,2012,41.439999,41.580002,41.23,41.310001
DIS,27,February,2012,41.700001,41.950001,41.299999,41.639999
DIS,28,February,2012,41.75,41.970001,41.549999,41.93
DIS,29,February,2012,41.869999,42.369999,41.849998,41.990002
DIS,1,March,2012,42.130001,42.540001,42.130001,42.389999
DIS,2,March,2012,42.259998,42.529999,42.040001,42.360001
DIS,5,March,2012,42.349998,42.77,42.110001,42.700001
DIS,6,March,2012,42.240002,42.32,41.73,42
DIS,7,March,2012,NaN,NaN,NaN,NaN
DIS,8,March,2012,41.990002,42.32,41.950001,42.02
DIS,9,March,2012,42.119999,42.57,42.029999,42.240002
DIS,12,March,2012,42.529999,42.849998,42.150002,42.34
DIS,13,March,2012,42.549999,44.080002,42.43,44.009998
DIS,14,March,2012,43.59,43.700001,42.900002,43.48
DIS,15,March,2012,43.5,43.5,43.169998,43.470001
DIS,16,March,2012,43.419998,43.52,43.18,43.189999
DIS,19,March,2012,43.07,43.580002,42.950001,43.439999
DIS,20,March,2012,43,43.310001,42.93,43.240002
DIS,21,March,2012,43.419998,43.869999,43.27,43.27
DIS,22,March,2012,43.080002,43.400002,43.009998,43.290001
DIS,23,March,2012,43.330002,43.709999,42.860001,43.650002
DIS,26,March,2012,43.939999,44.41,43.919998,44.380001
DIS,27,March,2012,44.389999,44.5,44.09,44.150002
DIS,28,March,2012,44.040001,44.150002,43.259998,43.509998
DIS,29,March,2012,NaN,NaN,NaN,NaN
DIS,30,March,2012,43.52,43.849998,43.099998,43.779999
DIS,2,April,2012,43.59,44,43.32,43.84
DIS,3,April,2012,43.669998,43.75,42.91,43.290001
DIS,4,April,2012,42.900002,42.990002,42.48,42.93
DIS,5,April,2012,42.84,43.18,42.68,43.080002
DIS,9,April,2012,42.130001,42.27,41.959999,42.110001
DIS,10,April,2012,41.869999,42.130001,40.880001,40.990002
DIS,11,April,2012,41.509998,41.700001,41.240002,41.369999
DIS,12,April,2012,41.43,42.200001,41.25,42.150002
DIS,13,April,2012,42.029999,42.220001,41.700001,41.849998
DIS,16,April,2012,42.060001,42.130001,41.540001,41.66
DIS,17,April,2012,41.880001,42.740002,41.880001,42.68
DIS,18,April,2012,42.48,42.610001,42.32,42.490002
DIS,19,April,2012,42.43,42.509998,41.799999,42.080002
DIS,20,April,2012,42.240002,42.84,42.240002,42.349998
DIS,23,April,2012,42.25,42.25,41.73,42.009998
DIS,24,April,2012,42.029999,42.43,41.970001,42.18
DIS,25,April,2012,42.400002,42.759998,42.380001,42.700001
DIS,26,April,2012,42.740002,43.560001,42.689999,43.360001
DIS,27,April,2012,43.599998,43.650002,43.119999,43.349998
DIS,30,April,2012,43.32,43.349998,42.84,43.110001
DIS,1,May,2012,43.18,44.09,43.150002,43.790001
DIS,2,May,2012,43.57,43.810001,43.299999,43.540001
DIS,3,May,2012,43.540001,44.130001,43.490002,43.810001
DIS,4,May,2012,43.599998,43.709999,42.84,42.93
DIS,7,May,2012,43.650002,43.950001,43.310001,43.82
DIS,8,May,2012,43.779999,44.490002,43.09,44.299999
DIS,9,May,2012,44.459999,45.799999,44.41,45.02
DIS,10,May,2012,45.139999,45.59,45.049999,45.279999
DIS,11,May,2012,45.130001,45.799999,45,45.560001
DIS,14,May,2012,45.169998,45.5,44.98,45.169998
DIS,15,May,2012,45.23,45.799999,44.919998,45.009998
DIS,16,May,2012,45.150002,45.549999,45.060001,45.080002
DIS,17,May,2012,45.150002,45.23,44.299999,44.330002
DIS,18,May,2012,44.459999,44.490002,43.619999,43.810001
DIS,21,May,2012,43.810001,44.41,43.509998,44.389999
DIS,22,May,2012,44.490002,44.700001,44.130001,44.389999
DIS,23,May,2012,44.240002,44.459999,43.810001,44.209999
DIS,24,May,2012,44.41,44.610001,44.009998,44.439999
DIS,25,May,2012,44.490002,44.959999,44.380001,44.5
DIS,29,May,2012,NaN,NaN,NaN,NaN
DIS,30,May,2012,45.02,45.48,44.860001,45.200001
DIS,31,May,2012,45.130001,46.099998,45.060001,45.709999
DIS,1,June,2012,45.150002,45.349998,44.34,44.400002
DIS,4,June,2012,44.470001,44.689999,44.139999,44.41
DIS,5,June,2012,44.509998,44.919998,44.200001,44.84
DIS,6,June,2012,45.02,45.599998,45,45.529999
DIS,7,June,2012,45.84,46.220001,45.529999,45.630001
DIS,8,June,2012,45.700001,46.25,45.59,46.240002
DIS,11,June,2012,46.349998,46.630001,45.73,45.799999
DIS,12,June,2012,45.75,46.41,45.580002,46.380001
DIS,13,June,2012,46.25,46.650002,45.990002,46.23
DIS,14,June,2012,46.400002,47.450001,46.209999,47.18
DIS,15,June,2012,47.41,47.43,46.919998,47.09
DIS,18,June,2012,46.959999,47.400002,46.799999,47.099998
DIS,19,June,2012,47.43,48,47.279999,47.509998
DIS,20,June,2012,47.639999,47.970001,47.43,47.73
DIS,21,June,2012,47.799999,47.889999,47.220001,47.400002
DIS,22,June,2012,47.389999,47.52,46.91,47.470001
DIS,25,June,2012,47.220001,47.23,46.549999,46.700001
DIS,26,June,2012,46.880001,47.470001,46.82,47.299999
DIS,27,June,2012,47.27,48.080002,47.23,47.869999
DIS,28,June,2012,47.669998,47.84,46.98,47.82
DIS,29,June,2012,48.52,48.950001,48.220001,48.5
DIS,2,July,2012,48.619999,48.75,48.240002,48.720001
DIS,3,July,2012,48.669998,48.75,48.419998,48.59
DIS,5,July,2012,48.279999,48.549999,47.830002,48.110001
DIS,6,July,2012,NaN,NaN,NaN,NaN
DIS,9,July,2012,48.060001,48.18,47.759998,48
DIS,10,July,2012,48.169998,48.380001,47.18,47.360001
DIS,11,July,2012,NaN,NaN,NaN,NaN
DIS,12,July,2012,47.380001,47.799999,46.849998,47.41
DIS,13,July,2012,47.400002,48.380001,47.380001,48.189999
DIS,16,July,2012,47.959999,48.119999,47.689999,47.860001
DIS,17,July,2012,48.439999,49.919998,48.400002,49.349998
DIS,18,July,2012,49.139999,49.669998,48.959999,49.349998
DIS,19,July,2012,NaN,NaN,NaN,NaN
DIS,20,July,2012,48.599998,48.950001,48.5,48.59
DIS,23,July,2012,47.77,48.060001,47.419998,47.98
DIS,24,July,2012,48.029999,48.330002,47.689999,48.16
DIS,25,July,2012,48.330002,48.639999,48.009998,48.299999
DIS,26,July,2012,49.060001,49.869999,49.060001,49.709999
DIS,27,July,2012,49.889999,50.540001,49.689999,49.939999
DIS,30,July,2012,49.950001,50.139999,49.650002,49.799999
DIS,31,July,2012,49.779999,49.849998,49.09,49.139999
DIS,1,August,2012,49.330002,49.529999,48.720001,48.82
DIS,2,August,2012,48.599998,48.990002,48.130001,48.98
DIS,3,August,2012,49.810001,49.869999,49.360001,49.77
DIS,6,August,2012,49.970001,50,49.650002,49.650002
DIS,7,August,2012,50.009998,50.310001,49.720001,49.810001
DIS,8,August,2012,49.360001,50.650002,49.049999,50.490002
DIS,9,August,2012,50.279999,50.470001,49.849998,49.959999
DIS,10,August,2012,49.900002,49.919998,49.32,49.650002
DIS,13,August,2012,49.529999,49.990002,49.459999,49.860001
DIS,14,August,2012,49.93,50.150002,49.529999,49.689999
DIS,15,August,2012,49.650002,49.970001,49.650002,49.889999
DIS,16,August,2012,49.990002,50.419998,49.799999,50.25
DIS,17,August,2012,50.369999,50.549999,50.330002,50.459999
DIS,20,August,2012,50.32,50.59,50.150002,50.450001
DIS,21,August,2012,50.41,50.48,49.509998,49.639999
DIS,22,August,2012,49.599998,50.150002,49.5,49.66
DIS,23,August,2012,49.610001,49.66,49.029999,49.169998
DIS,24,August,2012,49.080002,49.610001,49.009998,49.560001
DIS,27,August,2012,49.490002,49.849998,49.41,49.630001
DIS,28,August,2012,49.439999,49.849998,49.290001,49.630001
DIS,29,August,2012,49.639999,50.169998,49.59,50.040001
DIS,30,August,2012,49.720001,49.779999,49.369999,49.419998
DIS,31,August,2012,49.639999,49.900002,49.400002,49.470001
DIS,4,September,2012,49.52,49.830002,49.23,49.66
DIS,5,September,2012,50.139999,51.240002,50.09,50.790001
DIS,6,September,2012,50.700001,51.869999,50.639999,51.860001
DIS,7,September,2012,51.869999,52,51.66,51.740002
DIS,10,September,2012,51.610001,51.799999,51.48,51.52
DIS,11,September,2012,51.470001,51.669998,51.43,51.560001
DIS,12,September,2012,NaN,NaN,NaN,NaN
DIS,13,September,2012,51.73,52.669998,51.73,52.599998
DIS,14,September,2012,52.450001,52.75,52.169998,52.349998
DIS,17,September,2012,52.32,52.43,51.959999,52.150002
DIS,18,September,2012,52.029999,52.119999,51.77,51.900002
DIS,19,September,2012,51.779999,52.950001,51.779999,52.700001
DIS,20,September,2012,52.43,52.91,52.43,52.66
DIS,21,September,2012,52.939999,53.389999,52.73,52.740002
DIS,24,September,2012,52.669998,53.049999,52.610001,52.919998
DIS,25,September,2012,52.889999,53.400002,52.540001,52.540001
DIS,26,September,2012,52.419998,52.599998,51.77,51.939999
DIS,27,September,2012,52.119999,52.779999,51.970001,52.580002
DIS,28,September,2012,52.41,52.529999,52.049999,52.279999
DIS,1,October,2012,52.310001,52.860001,51.919998,52.07
DIS,2,October,2012,52.130001,52.25,51.470001,51.639999
DIS,3,October,2012,51.720001,52.689999,51.689999,52.470001
DIS,4,October,2012,52.720001,53.080002,52.389999,52.630001
DIS,5,October,2012,52.84,53.150002,52.759998,52.970001
DIS,8,October,2012,52.369999,52.5,52.110001,52.330002
DIS,9,October,2012,52.32,52.330002,51.459999,51.509998
DIS,10,October,2012,51.389999,51.630001,51.09,51.209999
DIS,11,October,2012,51.330002,51.560001,50.200001,50.34
DIS,12,October,2012,50.549999,50.75,50.419998,50.59
DIS,15,October,2012,50.59,50.810001,50.360001,50.790001
DIS,16,October,2012,51.169998,51.5,51.080002,51.240002
DIS,17,October,2012,51.400002,52.400002,51.330002,52.290001
DIS,18,October,2012,52.259998,52.740002,52.119999,52.419998
DIS,19,October,2012,52.5,52.59,51.599998,51.900002
DIS,22,October,2012,51.810001,52.049999,51.400002,51.790001
DIS,23,October,2012,51.330002,51.349998,50.75,50.759998
DIS,24,October,2012,50.950001,51.080002,50.560001,50.650002
DIS,25,October,2012,50.93,51.029999,49.959999,50.259998
DIS,26,October,2012,50.360001,50.540001,49.52,50.080002
DIS,31,October,2012,51.150002,51.240002,48.799999,49.119999
DIS,1,November,2012,49.279999,50.310001,49.279999,49.779999
DIS,2,November,2012,NaN,NaN,NaN,NaN
DIS,5,November,2012,50.810001,50.860001,49.82,50.32
DIS,6,November,2012,50.57,50.700001,50.080002,50.470001
DIS,7,November,2012,50.650002,50.650002,49.59,50.080002
DIS,8,November,2012,50.09,50.84,49.919998,50.040001
DIS,9,November,2012,46.990002,47.950001,46.529999,47.060001
DIS,12,November,2012,NaN,NaN,NaN,NaN
DIS,13,November,2012,47.279999,48.419998,47.279999,47.959999
DIS,14,November,2012,48.029999,48.040001,47.049999,47.169998
DIS,15,November,2012,47.240002,47.639999,46.959999,47.470001
DIS,16,November,2012,47.59,47.759998,47.049999,47.419998
DIS,19,November,2012,47.700001,48.029999,47.450001,47.91
DIS,20,November,2012,47.779999,48.5,47.66,48.439999
DIS,21,November,2012,48.5,48.950001,48.400002,48.68
DIS,23,November,2012,48.889999,49.279999,48.799999,49.259998
DIS,26,November,2012,48.98,49.43,48.91,49.029999
DIS,27,November,2012,49.060001,49.200001,48.529999,48.599998
DIS,28,November,2012,48.470001,49.25,47.84,49.200001
DIS,29,November,2012,49.509998,49.849998,49.32,49.720001
DIS,30,November,2012,49.810001,49.939999,49.25,49.66
DIS,3,December,2012,49.77,50,49.27,49.290001
DIS,4,December,2012,49.25,49.450001,48.849998,49.299999
DIS,5,December,2012,49.43,49.900002,49.139999,49.59
DIS,6,December,2012,48.779999,49.130001,48.560001,49.060001
DIS,7,December,2012,49.18,49.380001,49.009998,49.240002
DIS,10,December,2012,49.209999,49.509998,49.189999,49.299999
DIS,11,December,2012,49.369999,49.990002,49.360001,49.48
DIS,12,December,2012,49.759998,50.07,49.419998,49.639999
DIS,13,December,2012,49.610001,49.689999,48.91,49.110001
DIS,14,December,2012,49.009998,49.119999,48.549999,48.669998
DIS,17,December,2012,48.720001,49.32,48.669998,49.279999
DIS,18,December,2012,49.349998,50.32,49.150002,50.220001
DIS,19,December,2012,50.150002,50.509998,49.939999,49.939999
DIS,20,December,2012,49.830002,51.060001,49.830002,50.93
DIS,21,December,2012,50.41,50.75,49.68,50
DIS,24,December,2012,49.919998,50.200001,49.84,49.880001
DIS,26,December,2012,49.849998,49.98,49.450001,49.849998
DIS,27,December,2012,49.799999,50,48.900002,49.529999
DIS,28,December,2012,49.349998,49.700001,49.02,49.150002
DIS,31,December,2012,48.889999,49.799999,48.799999,49.790001
DIS,2,January,2013,50.799999,51.25,50.639999,51.099998
DIS,3,January,2013,51.049999,51.34,50.84,51.209999
DIS,4,January,2013,51.380001,52.34,51.330002,52.189999
DIS,7,January,2013,51.759998,51.759998,50.66,50.970001
DIS,8,January,2013,50.880001,51.18,50.57,50.759998
DIS,9,January,2013,50.93,51.5,50.759998,50.779999
DIS,10,January,2013,50.869999,51.240002,50.59,50.790001
DIS,11,January,2013,50.82,51.02,50.450001,50.580002
DIS,14,January,2013,50.400002,50.830002,50.18,50.59
DIS,15,January,2013,50.470001,51.150002,50.43,51.09
DIS,16,January,2013,50.849998,51.779999,50.799999,51.529999
DIS,17,January,2013,51.84,52.700001,51.84,52.41
DIS,18,January,2013,52.240002,52.34,51.810001,52.34
DIS,22,January,2013,52.389999,52.799999,52.18,52.73
DIS,23,January,2013,52.860001,54.16,52.779999,53.950001
DIS,24,January,2013,54.029999,54.869999,53.919998,53.950001
DIS,25,January,2013,53.799999,54.560001,53.610001,54.380001
DIS,28,January,2013,54.279999,54.560001,54.099998,54.360001
DIS,29,January,2013,54.150002,54.209999,53.529999,53.990002
DIS,30,January,2013,NaN,NaN,NaN,NaN
DIS,31,January,2013,53.84,54.25,53.650002,53.880001
DIS,1,February,2013,54.18,54.869999,54.150002,54.59
DIS,4,February,2013,54.16,54.5,53.799999,53.900002
DIS,5,February,2013,54.360001,54.41,54,54.290001
DIS,6,February,2013,55.400002,55.5,54.41,54.52
DIS,7,February,2013,54.07,54.48,53.41,54.360001
DIS,8,February,2013,54.380001,54.720001,54.310001,54.66
DIS,11,February,2013,54.650002,54.98,54.59,54.75
DIS,12,February,2013,54.77,55.049999,54.689999,54.950001
DIS,13,February,2013,55.080002,55.299999,54.669998,54.959999
DIS,14,February,2013,NaN,NaN,NaN,NaN
DIS,15,February,2013,55.049999,55.619999,54.889999,55.610001
DIS,19,February,2013,55.580002,55.950001,55.57,55.73
DIS,20,February,2013,55.619999,55.82,54.560001,54.599998
DIS,21,February,2013,54.580002,54.82,54.009998,54.169998
DIS,22,February,2013,54.389999,54.580002,53.93,54.25
DIS,25,February,2013,54.599998,54.790001,53.59,53.59
DIS,26,February,2013,53.810001,54.040001,53.599998,53.900002
DIS,27,February,2013,NaN,NaN,NaN,NaN
DIS,28,February,2013,54.540001,55.040001,54.389999,54.59
DIS,1,March,2013,54.310001,55.369999,54.299999,55.330002
DIS,4,March,2013,55.16,55.84,55,55.799999
DIS,5,March,2013,55.950001,56.580002,55.900002,56.48
DIS,6,March,2013,56.529999,56.84,56.25,56.360001
DIS,7,March,2013,56.360001,56.470001,56.009998,56.32
DIS,8,March,2013,56.560001,57.509998,56.52,57.389999
DIS,11,March,2013,57.389999,57.75,57.34,57.66
DIS,12,March,2013,57.52,57.630001,56.700001,57.110001
DIS,13,March,2013,57.16,57.439999,56.939999,57.34
DIS,14,March,2013,57.349998,57.82,57.27,57.75
DIS,15,March,2013,57.5,57.779999,57.34,57.580002
DIS,18,March,2013,57.080002,57.189999,56.75,56.830002
DIS,19,March,2013,56.830002,57.049999,55.759998,56.310001
DIS,20,March,2013,56.59,57.150002,56.540001,56.939999
DIS,21,March,2013,56.740002,56.849998,56.16,56.310001
DIS,22,March,2013,56.650002,57.099998,56.52,56.779999
DIS,25,March,2013,NaN,NaN,NaN,NaN
DIS,26,March,2013,56.41,56.73,56.330002,56.630001
DIS,27,March,2013,56.34,56.5,55.990002,56.470001
DIS,28,March,2013,56.59,56.939999,56.5,56.799999
DIS,1,April,2013,56.889999,57.139999,56.150002,56.689999
DIS,2,April,2013,57.040001,57.459999,56.959999,57.459999
DIS,3,April,2013,57.639999,57.75,57,57.25
DIS,4,April,2013,57.279999,57.720001,57.18,57.59
DIS,5,April,2013,56.889999,57.73,56.369999,57.700001
DIS,8,April,2013,NaN,NaN,NaN,NaN
DIS,9,April,2013,58.720001,59.240002,58.52,59.139999
DIS,10,April,2013,59.369999,60.139999,59.34,60.110001
DIS,11,April,2013,60.110001,60.669998,60.02,60.549999
DIS,12,April,2013,60.290001,60.73,60.27,60.549999
DIS,15,April,2013,60.259998,60.669998,58.84,58.880001
DIS,16,April,2013,NaN,NaN,NaN,NaN
DIS,17,April,2013,60.349998,60.689999,60.02,60.68
DIS,18,April,2013,60.639999,60.669998,59.880001,59.990002
DIS,19,April,2013,NaN,NaN,NaN,NaN
DIS,22,April,2013,61.59,62.099998,61.150002,62.009998
DIS,23,April,2013,62.400002,62.619999,61.540001,62.59
DIS,24,April,2013,62.709999,62.900002,61.59,61.939999
DIS,25,April,2013,62.009998,62.169998,61.549999,62
DIS,26,April,2013,62.060001,62.290001,61.549999,61.869999
DIS,29,April,2013,62.82,63.25,62.59,63
DIS,30,April,2013,62.93,63.080002,62.439999,62.84
DIS,1,May,2013,62.880001,63.5,62.799999,63.209999
DIS,2,May,2013,63.400002,63.93,63.110001,63.880001
DIS,3,May,2013,64.18,64.849998,63.880001,64.800003
DIS,6,May,2013,65.089996,65.589996,64.510002,65.059998
DIS,7,May,2013,65.440002,66.089996,64.769997,66.07
DIS,8,May,2013,66,66,64.559998,65.989998
DIS,9,May,2013,65.730003,67.110001,65.510002,66.669998
DIS,10,May,2013,66.690002,67.43,66.339996,67.199997
DIS,13,May,2013,66.959999,67.519997,66.919998,67.32
DIS,14,May,2013,67.43,67.489998,66.980003,67.470001
DIS,15,May,2013,67.419998,67.790001,67.18,67.669998
DIS,16,May,2013,67.620003,67.889999,66.199997,66.470001
DIS,17,May,2013,66.160004,66.580002,65.68,66.580002
DIS,20,May,2013,66.580002,66.599998,66.050003,66.120003
DIS,21,May,2013,66.349998,66.400002,65.709999,65.830002
DIS,22,May,2013,65.760002,66.709999,65.269997,65.57
DIS,23,May,2013,64.870003,65.440002,64.239998,65.230003
DIS,24,May,2013,64.75,65.529999,64.389999,65.489998
DIS,28,May,2013,65.980003,66.760002,65.919998,66.690002
DIS,29,May,2013,66.370003,66.480003,65.739998,66.260002
DIS,30,May,2013,66.440002,67.110001,64.32,64.650002
DIS,31,May,2013,64.57,65.029999,63.07,63.080002
DIS,3,June,2013,63.060001,63.82,62.529999,63.799999
DIS,4,June,2013,63.93,64.93,63.860001,64.349998
DIS,5,June,2013,64.050003,64.120003,62.799999,63.119999
DIS,6,June,2013,63.099998,63.32,62.040001,63.139999
DIS,7,June,2013,63.630001,64.870003,63.25,64.849998
DIS,10,June,2013,64.910004,64.970001,63.700001,63.830002
DIS,11,June,2013,63.32,64.300003,62.970001,63.799999
DIS,12,June,2013,NaN,NaN,NaN,NaN
DIS,13,June,2013,62.990002,64.400002,62.52,64.300003
DIS,14,June,2013,64.010002,64.43,63.630001,63.799999
DIS,17,June,2013,64.300003,65.129997,64.25,64.489998
DIS,18,June,2013,NaN,NaN,NaN,NaN
DIS,19,June,2013,65.190002,65.550003,64.330002,64.330002
DIS,20,June,2013,63.220001,63.52,61.82,61.98
DIS,21,June,2013,62.619999,63.080002,61.82,62.73
DIS,24,June,2013,62.25,62.990002,61.82,62.439999
DIS,25,June,2013,62.880001,63.099998,62.5,62.57
DIS,26,June,2013,62.950001,63.459999,62.75,63.209999
DIS,27,June,2013,63.650002,63.970001,63.450001,63.720001
DIS,28,June,2013,63.759998,64.519997,63.150002,63.150002
DIS,1,July,2013,63.84,64.919998,63.630001,63.93
DIS,2,July,2013,63.830002,64.139999,63.080002,63.259998
DIS,3,July,2013,62.849998,63.830002,62.57,63.610001
DIS,5,July,2013,63.880001,63.950001,63.110001,63.82
DIS,8,July,2013,64.279999,64.790001,64.160004,64.709999
DIS,9,July,2013,65.32,65.540001,64.650002,64.940002
DIS,10,July,2013,64.860001,65.300003,64.57,64.910004
DIS,11,July,2013,65.650002,66.830002,65.650002,66.580002
DIS,12,July,2013,66.389999,67,65.93,66.980003
DIS,15,July,2013,67.019997,67.360001,65.889999,65.93
DIS,16,July,2013,65.949997,66.099998,64.93,65.029999
DIS,17,July,2013,65.419998,65.459999,64.760002,65.360001
DIS,18,July,2013,65.699997,66.370003,65.660004,65.82
DIS,19,July,2013,65.889999,66.029999,64.910004,65.160004
DIS,22,July,2013,65.150002,65.330002,64.260002,64.400002
DIS,23,July,2013,64.599998,64.769997,64.330002,64.449997
DIS,24,July,2013,64.589996,65.120003,64.529999,64.639999
DIS,25,July,2013,64.32,64.739998,64.260002,64.550003
DIS,26,July,2013,64.470001,65.07,64.110001,64.980003
DIS,29,July,2013,64.800003,65.029999,64.470001,64.610001
DIS,30,July,2013,64.699997,64.870003,64.099998,64.18
DIS,31,July,2013,64.43,65.120003,64.379997,64.650002
DIS,1,August,2013,65.160004,65.870003,65.129997,65.360001
DIS,2,August,2013,65.559998,66.589996,65.330002,66.510002
DIS,5,August,2013,66.5,66.540001,65.610001,66.019997
DIS,6,August,2013,66.089996,67.160004,65.970001,67.050003
DIS,7,August,2013,64.93,66.300003,64.120003,65.910004
DIS,8,August,2013,66.339996,66.459999,65.199997,65.75
DIS,9,August,2013,65.470001,65.75,64.599998,64.730003
DIS,12,August,2013,64.260002,64.43,63.669998,63.93
DIS,13,August,2013,64.260002,64.260002,63.41,63.98
DIS,14,August,2013,NaN,NaN,NaN,NaN
DIS,15,August,2013,63.279999,63.32,62.200001,62.380001
DIS,16,August,2013,61.970001,62.5,61.709999,62.169998
DIS,19,August,2013,NaN,NaN,NaN,NaN
DIS,20,August,2013,61.790001,62.389999,61.790001,61.880001
DIS,21,August,2013,61.619999,61.880001,61.09,61.139999
DIS,22,August,2013,61.32,61.82,61.16,61.639999
DIS,23,August,2013,61.959999,61.990002,61.459999,61.73
DIS,26,August,2013,61.759998,62.110001,61.330002,61.349998
DIS,27,August,2013,60.900002,61.349998,60.57,60.689999
DIS,28,August,2013,60.439999,61.150002,60.41,60.810001
DIS,29,August,2013,60.77,61.52,60.549999,61.080002
DIS,30,August,2013,NaN,NaN,NaN,NaN
DIS,3,September,2013,61.419998,61.990002,60.599998,60.93
DIS,4,September,2013,60.919998,61.220001,60.52,61.110001
DIS,5,September,2013,61.07,61.599998,60.959999,61.299999
DIS,6,September,2013,61.470001,61.830002,60.630001,61.389999
DIS,9,September,2013,61.599998,61.84,61.27,61.59
DIS,10,September,2013,62.09,62.970001,61.93,62.830002
DIS,11,September,2013,63.119999,63.939999,62.98,63.939999
DIS,12,September,2013,63.799999,66.349998,63.41,65.489998
DIS,13,September,2013,65.870003,67.029999,65.5,66.690002
DIS,16,September,2013,67.32,67.650002,66.879997,66.940002
DIS,17,September,2013,66.830002,67.199997,66.720001,66.980003
DIS,18,September,2013,NaN,NaN,NaN,NaN
DIS,19,September,2013,66.389999,66.5,65.400002,65.720001
DIS,20,September,2013,65.610001,65.839996,64.910004,65.010002
DIS,23,September,2013,65.040001,65.480003,64.68,64.75
DIS,24,September,2013,64.940002,65.160004,64.279999,64.32
DIS,25,September,2013,64.419998,64.93,64.199997,64.449997
DIS,26,September,2013,64.360001,65.290001,64.25,65.239998
DIS,27,September,2013,64.970001,65.440002,64.690002,65.190002
DIS,30,September,2013,64.730003,64.949997,64.389999,64.489998
DIS,1,October,2013,64.370003,65.25,64.360001,64.830002
DIS,2,October,2013,64.449997,65.339996,64.400002,64.879997
DIS,3,October,2013,64.720001,64.93,63.830002,64.019997
DIS,4,October,2013,64.019997,65.43,63.970001,65.300003
DIS,7,October,2013,64.809998,65.309998,64.57,64.589996
DIS,8,October,2013,64.519997,64.769997,63.970001,64
DIS,9,October,2013,64.019997,64.18,63.099998,63.59
DIS,10,October,2013,64.480003,65.669998,64.290001,65.580002
DIS,11,October,2013,65.660004,66.589996,65.5,66.209999
DIS,14,October,2013,65.879997,66.980003,65.779999,66.830002
DIS,15,October,2013,66.730003,66.940002,65.93,66.440002
DIS,16,October,2013,66.639999,66.860001,66.129997,66.349998
DIS,17,October,2013,66.190002,66.589996,65.980003,66.419998
DIS,18,October,2013,66.5,67.269997,65.989998,67.150002
DIS,21,October,2013,67.269997,67.629997,67.160004,67.610001
DIS,22,October,2013,67.940002,69.129997,67.75,69
DIS,23,October,2013,68.809998,69.199997,68.019997,68.120003
DIS,24,October,2013,68.18,69.190002,68.019997,69.050003
DIS,25,October,2013,69.32,69.870003,68.970001,69.260002
DIS,28,October,2013,NaN,NaN,NaN,NaN
DIS,29,October,2013,69.120003,69.389999,68.779999,68.919998
DIS,30,October,2013,69.220001,69.300003,67.93,68.470001
DIS,31,October,2013,68.470001,69.300003,68.349998,68.589996
DIS,1,November,2013,68.709999,69.18,68.5,69.010002
DIS,4,November,2013,69.410004,69.550003,68.410004,68.809998
DIS,5,November,2013,68.769997,69.059998,68.059998,68.849998
DIS,6,November,2013,69.18,69.620003,68.620003,69
DIS,7,November,2013,69.339996,69.339996,67.089996,67.150002
DIS,8,November,2013,66.870003,69.410004,66.720001,68.580002
DIS,11,November,2013,NaN,NaN,NaN,NaN
DIS,12,November,2013,68.330002,68.449997,67.419998,67.769997
DIS,13,November,2013,NaN,NaN,NaN,NaN
DIS,14,November,2013,69.139999,70.150002,69,70.019997
DIS,15,November,2013,69.769997,70.169998,69.550003,70
DIS,18,November,2013,70.059998,70.089996,69.330002,69.5
DIS,19,November,2013,69.489998,69.720001,69.040001,69.120003
DIS,20,November,2013,69.120003,69.919998,69.080002,69.230003
DIS,21,November,2013,69.459999,70.010002,69.269997,69.940002
DIS,22,November,2013,69.949997,70.330002,69.800003,70.199997
DIS,25,November,2013,70.540001,70.580002,69.599998,69.739998
DIS,26,November,2013,69.919998,71.690002,69.900002,71.18
DIS,27,November,2013,NaN,NaN,NaN,NaN
DIS,29,November,2013,71.040001,71.269997,70.389999,70.540001
DIS,2,December,2013,70.790001,71.309998,70.760002,70.910004
DIS,3,December,2013,70.220001,70.410004,69.379997,69.900002
DIS,4,December,2013,69.419998,70.480003,69.32,69.970001
DIS,5,December,2013,70.290001,70.68,70.080002,70.230003
DIS,6,December,2013,70.970001,71.489998,70.769997,71.459999
DIS,9,December,2013,71.360001,71.480003,70.919998,71.110001
DIS,10,December,2013,70.910004,71.650002,70.900002,71.57
DIS,11,December,2013,71.730003,72.129997,70.43,70.519997
DIS,12,December,2013,69.279999,70.019997,68.800003,69.629997
DIS,13,December,2013,69.900002,70.129997,69.279999,69.620003
DIS,16,December,2013,69.910004,70.849998,69.910004,70.510002
DIS,17,December,2013,70.690002,70.910004,69.830002,70.660004
DIS,18,December,2013,70.959999,72.199997,70.139999,72.199997
DIS,19,December,2013,72.139999,73.080002,72.099998,72.970001
DIS,20,December,2013,73.099998,73.559998,72.339996,72.400002
DIS,23,December,2013,72.889999,73.330002,72.660004,73.279999
DIS,24,December,2013,73.25,73.860001,73.25,73.849998
DIS,26,December,2013,73.949997,74.690002,73.910004,74.620003
DIS,27,December,2013,74.650002,74.779999,73.93,74.349998
DIS,30,December,2013,74.989998,76.540001,74.889999,76.230003
DIS,31,December,2013,76.279999,76.5,75.809998,76.400002
DIS,2,January,2014,76.040001,76.5,75.900002,76.269997
DIS,3,January,2014,76.300003,76.699997,76.010002,76.110001
DIS,6,January,2014,76.529999,76.839996,75.489998,75.82
DIS,7,January,2014,76.120003,76.699997,75.900002,76.339996
DIS,8,January,2014,76.129997,76.279999,74.809998,75.220001
DIS,9,January,2014,75.459999,75.459999,74.32,74.900002
DIS,10,January,2014,NaN,NaN,NaN,NaN
DIS,13,January,2014,74.900002,75.129997,73.050003,73.269997
DIS,14,January,2014,73.709999,74.580002,73.290001,74.449997
DIS,15,January,2014,74.300003,75.099998,74.25,74.279999
DIS,16,January,2014,74.389999,74.400002,73.720001,74.209999
DIS,17,January,2014,74.43,74.629997,73.68,73.980003
DIS,21,January,2014,73.989998,74.879997,73.300003,74.199997
DIS,22,January,2014,74.080002,75.43,74.050003,75.309998
DIS,23,January,2014,74.529999,74.949997,74.150002,74.790001
DIS,24,January,2014,74.099998,74.230003,72.720001,72.720001
DIS,27,January,2014,72.470001,72.910004,71.720001,72.25
DIS,28,January,2014,72.260002,73,72.239998,72.879997
DIS,29,January,2014,71.970001,72.239998,71.120003,71.330002
DIS,30,January,2014,72.089996,73.629997,72,73.220001
DIS,31,January,2014,72.199997,73.32,71.800003,72.610001
DIS,3,February,2014,72.660004,72.730003,69.849998,69.989998
DIS,4,February,2014,70.940002,71.25,69.879997,71.050003
DIS,5,February,2014,72.050003,72.050003,70.370003,71.760002
DIS,6,February,2014,75.610001,76.730003,74.779999,75.559998
DIS,7,February,2014,75.080002,75.699997,74.610001,75.669998
DIS,10,February,2014,75.669998,77.309998,75.57,77.059998
DIS,11,February,2014,77.150002,77.919998,77.110001,77.790001
DIS,12,February,2014,77.660004,78.010002,77.639999,77.910004
DIS,13,February,2014,77.519997,78.239998,77.199997,77.900002
DIS,14,February,2014,77.879997,79.470001,77.769997,79.230003
DIS,18,February,2014,79.5,80,79.43,79.580002
DIS,19,February,2014,79.5,79.779999,78.800003,78.870003
DIS,20,February,2014,79.209999,79.650002,78.839996,79.190002
DIS,21,February,2014,79.07,80.449997,78.800003,80.129997
DIS,24,February,2014,80.5,81.589996,80.459999,80.730003
DIS,25,February,2014,80.720001,81.349998,80.040001,80.209999
DIS,26,February,2014,80.629997,80.949997,79.589996,80.080002
DIS,27,February,2014,80,80.589996,79.860001,80.480003
DIS,28,February,2014,80.839996,81.589996,80.169998,80.809998
DIS,3,March,2014,80.300003,80.650002,78.849998,79.459999
DIS,4,March,2014,80.599998,82.169998,80.540001,81.709999
DIS,5,March,2014,82.220001,83.209999,82.019997,82.68
DIS,6,March,2014,82.860001,83.419998,82.839996,83.339996
DIS,7,March,2014,83.599998,83.650002,82.019997,82.209999
DIS,10,March,2014,82.18,82.43,81.690002,81.970001
DIS,11,March,2014,NaN,NaN,NaN,NaN
DIS,12,March,2014,80.589996,81.389999,80.050003,81.379997
DIS,13,March,2014,81.75,81.980003,79.660004,79.93
DIS,14,March,2014,79.849998,80.410004,79.57,80.07
DIS,17,March,2014,NaN,NaN,NaN,NaN
DIS,18,March,2014,81.529999,82.25,81.279999,81.989998
DIS,19,March,2014,82.25,82.300003,80.040001,80.519997
DIS,20,March,2014,80.589996,81.019997,79.760002,80.809998
DIS,21,March,2014,81.959999,82.050003,80.050003,80.349998
DIS,24,March,2014,80.709999,80.93,79.379997,79.489998
DIS,25,March,2014,80.239998,80.339996,78.599998,79.550003
DIS,26,March,2014,79.93,80.239998,78.610001,78.620003
DIS,27,March,2014,78.300003,78.610001,77.279999,78.480003
DIS,28,March,2014,78.730003,79.459999,78.309998,78.989998
DIS,31,March,2014,79.699997,80.389999,79.660004,80.07
DIS,1,April,2014,80.389999,81.610001,80.389999,81.57
DIS,2,April,2014,81.720001,81.970001,81.300003,81.669998
DIS,3,April,2014,81.919998,82.239998,81.139999,81.690002
DIS,4,April,2014,82.32,82.849998,80.400002,80.43
DIS,7,April,2014,NaN,NaN,NaN,NaN
DIS,8,April,2014,NaN,NaN,NaN,NaN
DIS,9,April,2014,79.970001,80.529999,79.260002,80.470001
DIS,10,April,2014,80.919998,80.919998,77.480003,77.510002
DIS,11,April,2014,77.510002,77.949997,76.809998,77.010002
DIS,14,April,2014,77.699997,77.830002,76.849998,77.620003
DIS,15,April,2014,77.889999,78.209999,76.309998,77.660004
DIS,16,April,2014,78.379997,78.980003,78.190002,78.949997
DIS,17,April,2014,78.699997,80.220001,78.599998,79.989998
DIS,21,April,2014,79.959999,79.980003,78.690002,79.110001
DIS,22,April,2014,79.220001,79.889999,79.209999,79.449997
DIS,23,April,2014,79.529999,79.949997,78.970001,79.519997
DIS,24,April,2014,79.739998,80.059998,79.110001,79.589996
DIS,25,April,2014,79.459999,79.459999,78.160004,78.230003
DIS,28,April,2014,78.760002,79.059998,76.879997,77.779999
DIS,29,April,2014,78.349998,78.68,77.739998,78.639999
DIS,30,April,2014,78.5,79.529999,78.18,79.339996
DIS,1,May,2014,79.349998,79.870003,79.260002,79.559998
DIS,2,May,2014,79.620003,80.550003,79.620003,80.309998
DIS,5,May,2014,80.419998,81.309998,79.800003,81.220001
DIS,6,May,2014,81.589996,81.629997,80.800003,81.029999
DIS,7,May,2014,81.650002,82.440002,80.120003,80.290001
DIS,8,May,2014,NaN,NaN,NaN,NaN
DIS,9,May,2014,81.269997,82.019997,80.900002,81.949997
DIS,12,May,2014,82.080002,82.940002,82.080002,82.419998
DIS,13,May,2014,82.43,82.75,81.75,82.080002
DIS,14,May,2014,81.769997,82.18,80.629997,80.919998
DIS,15,May,2014,80.639999,80.830002,79.209999,80.150002
DIS,16,May,2014,80.169998,80.419998,79.339996,80.389999
DIS,19,May,2014,80.43,81.379997,80.139999,81.050003
DIS,20,May,2014,80.940002,81.760002,80.519997,81.089996
DIS,21,May,2014,81.419998,82.339996,81.419998,82.190002
DIS,22,May,2014,82.190002,82.790001,82.040001,82.349998
DIS,23,May,2014,82.190002,83.360001,82.190002,83.32
DIS,27,May,2014,83.559998,83.980003,83.32,83.739998
DIS,28,May,2014,83.800003,83.900002,83.25,83.599998
DIS,29,May,2014,83.919998,84.089996,83.43,84.029999
DIS,30,May,2014,NaN,NaN,NaN,NaN
DIS,2,June,2014,84.269997,84.419998,84.010002,84.269997
DIS,3,June,2014,84.07,84.230003,83.720001,83.879997
DIS,4,June,2014,83.849998,84.400002,83.309998,84.239998
DIS,5,June,2014,NaN,NaN,NaN,NaN
DIS,6,June,2014,84.910004,84.989998,84.269997,84.610001
DIS,9,June,2014,84.599998,85.860001,84.529999,85.480003
DIS,10,June,2014,85.400002,85.400002,84.699997,84.75
DIS,11,June,2014,84.599998,84.809998,84.169998,84.309998
DIS,12,June,2014,84.029999,84.199997,82.599998,82.800003
DIS,13,June,2014,82.75,82.989998,81.800003,82.800003
DIS,16,June,2014,NaN,NaN,NaN,NaN
DIS,17,June,2014,82.980003,83.459999,82.610001,83.160004
DIS,18,June,2014,83.18,83.75,82.809998,83.580002
DIS,19,June,2014,83.650002,83.919998,83.25,83.769997
DIS,20,June,2014,84.07,84.080002,82.790001,82.82
DIS,23,June,2014,82.849998,82.93,82.32,82.760002
DIS,24,June,2014,82.68,83.57,82.489998,82.68
DIS,25,June,2014,82.669998,84.32,82.480003,83.900002
DIS,26,June,2014,84.68,84.68,83.769997,84.449997
DIS,27,June,2014,84.129997,85.389999,84.129997,85.300003
DIS,30,June,2014,85.440002,86.07,85.07,85.739998
DIS,1,July,2014,85.809998,86.870003,85.760002,86.470001
DIS,2,July,2014,86.580002,86.709999,86.199997,86.440002
DIS,3,July,2014,86.699997,86.980003,86.5,86.839996
DIS,7,July,2014,86.610001,86.82,86.32,86.589996
DIS,8,July,2014,86.190002,86.32,85.68,85.860001
DIS,9,July,2014,86,87.290001,85.849998,87.220001
DIS,10,July,2014,86.529999,87.610001,86.190002,86.860001
DIS,11,July,2014,87,87.360001,86.370003,86.889999
DIS,14,July,2014,87.459999,87.489998,86.660004,86.760002
DIS,15,July,2014,NaN,NaN,NaN,NaN
DIS,16,July,2014,86.690002,87.629997,85.120003,85.349998
DIS,17,July,2014,85.330002,86.190002,84.870003,85.029999
DIS,18,July,2014,85.440002,85.980003,85.169998,85.809998
DIS,21,July,2014,85.809998,86,85.5,85.739998
DIS,22,July,2014,86.370003,86.559998,85.510002,86.209999
DIS,23,July,2014,86.309998,86.529999,85.760002,86.040001
DIS,24,July,2014,86.5,86.959999,86.309998,86.800003
DIS,25,July,2014,86.300003,86.699997,86.050003,86.230003
DIS,28,July,2014,86.43,87.220001,85.809998,87.150002
DIS,29,July,2014,87.290001,87.300003,86.160004,86.199997
DIS,30,July,2014,86.620003,87.269997,86.089996,87.209999
DIS,31,July,2014,86.589996,86.949997,85.690002,85.879997
DIS,1,August,2014,85.389999,86.010002,85.209999,85.379997
DIS,4,August,2014,86.169998,87.519997,86.010002,87.239998
DIS,5,August,2014,87.139999,87.239998,86.019997,86.75
DIS,6,August,2014,86.18,87.620003,86.169998,86.589996
DIS,7,August,2014,86.989998,87.010002,85.230003,85.510002
DIS,8,August,2014,85.650002,86.889999,85.620003,86.849998
DIS,11,August,2014,87.07,87.980003,87.050003,87.5
DIS,12,August,2014,87.150002,87.620003,86.779999,87.209999
DIS,13,August,2014,87.739998,87.949997,87.419998,87.599998
DIS,14,August,2014,88.029999,88.910004,87.809998,88.610001
DIS,15,August,2014,89.019997,89.470001,88.690002,89.279999
DIS,18,August,2014,NaN,NaN,NaN,NaN
DIS,19,August,2014,NaN,NaN,NaN,NaN
DIS,20,August,2014,89.919998,90.050003,89.669998,89.839996
DIS,21,August,2014,90.059998,90.529999,89.980003,90.379997
DIS,22,August,2014,NaN,NaN,NaN,NaN
DIS,25,August,2014,90.949997,91.139999,90.300003,90.379997
DIS,26,August,2014,90.610001,90.669998,89.940002,90.019997
DIS,27,August,2014,90.139999,90.410004,89.980003,90.370003
DIS,28,August,2014,89.980003,90.489998,89.959999,90.230003
DIS,29,August,2014,90.32,90.379997,89.330002,89.879997
DIS,2,September,2014,90.18,90.93,90.150002,90.800003
DIS,3,September,2014,91.059998,91.160004,90.669998,90.940002
DIS,4,September,2014,90.870003,91.199997,90.010002,90.139999
DIS,5,September,2014,90.139999,90.940002,90.099998,90.940002
DIS,8,September,2014,90.760002,90.839996,90.160004,90.559998
DIS,9,September,2014,90.5,90.540001,89.510002,89.599998
DIS,10,September,2014,89.540001,89.82,88.75,89.519997
DIS,11,September,2014,89.199997,90.040001,89.059998,89.970001
DIS,12,September,2014,90.099998,90.199997,89.25,89.669998
DIS,15,September,2014,89.739998,90.370003,89.559998,90.080002
DIS,16,September,2014,89.709999,90.43,89.459999,90.269997
DIS,17,September,2014,90.580002,90.769997,89.970001,90.330002
DIS,18,September,2014,90.309998,90.5,89.910004,90.339996
DIS,19,September,2014,90.800003,91.150002,90.389999,90.489998
DIS,22,September,2014,NaN,NaN,NaN,NaN
DIS,23,September,2014,89.120003,89.239998,88.230003,88.309998
DIS,24,September,2014,88.360001,89.639999,88.239998,89.449997
DIS,25,September,2014,89.260002,89.599998,88.059998,88.07
DIS,26,September,2014,88.150002,88.889999,87.910004,88.739998
DIS,29,September,2014,88.120003,89.050003,87.360001,88.830002
DIS,30,September,2014,88.839996,89.540001,88.540001,89.029999
DIS,1,October,2014,89.080002,89.239998,87.199997,87.489998
DIS,2,October,2014,87.5,87.660004,84.650002,86.790001
DIS,3,October,2014,88.099998,88.900002,87.550003,88.449997
DIS,6,October,2014,88.790001,89.18,88.07,88.559998
DIS,7,October,2014,88,88.260002,87.040001,87.110001
DIS,8,October,2014,87.059998,88.150002,86.330002,88.110001
DIS,9,October,2014,88.029999,88.160004,85.57,85.709999
DIS,10,October,2014,85.919998,87,85.400002,86.269997
DIS,13,October,2014,85.919998,86.389999,83.760002,83.910004
DIS,14,October,2014,84.75,85.519997,83.900002,84.139999
DIS,15,October,2014,NaN,NaN,NaN,NaN
DIS,16,October,2014,NaN,NaN,NaN,NaN
DIS,17,October,2014,NaN,NaN,NaN,NaN
DIS,20,October,2014,84.230003,85.610001,84.150002,85.519997
DIS,21,October,2014,86.32,87.68,86.25,87.540001
DIS,22,October,2014,87.940002,88.610001,86.980003,87.099998
DIS,23,October,2014,88.209999,88.629997,87.760002,87.989998
DIS,24,October,2014,87.910004,88.660004,87.580002,88.610001
DIS,27,October,2014,88.470001,88.989998,88.239998,88.449997
DIS,28,October,2014,89.040001,89.959999,88.949997,89.93
DIS,29,October,2014,89.839996,90.25,88.949997,89.529999
DIS,30,October,2014,89.440002,90.540001,88.910004,90.220001
DIS,31,October,2014,91.510002,91.980003,90.75,91.379997
DIS,3,November,2014,91.239998,91.82,91,91.709999
DIS,4,November,2014,91.970001,91.980003,89.800003,90.349998
DIS,5,November,2014,91.599998,91.599998,89.589996,91
DIS,6,November,2014,91.290001,92,91.150002,92
DIS,7,November,2014,89.389999,90.019997,88.650002,90
DIS,10,November,2014,90.239998,90.419998,88.949997,89.779999
DIS,11,November,2014,90.010002,90.029999,89.129997,89.980003
DIS,12,November,2014,89.769997,90.120003,89.330002,89.900002
DIS,13,November,2014,90.099998,90.709999,90.029999,90.489998
DIS,14,November,2014,90.68,90.849998,90.379997,90.800003
DIS,17,November,2014,90.5,90.779999,90.050003,90.410004
DIS,18,November,2014,90.330002,90.690002,90.129997,90.279999
DIS,19,November,2014,90.260002,90.279999,89.190002,89.82
DIS,20,November,2014,89.25,89.459999,88.75,88.900002
DIS,21,November,2014,89.690002,89.800003,88.760002,88.959999
DIS,24,November,2014,NaN,NaN,NaN,NaN
DIS,25,November,2014,90.709999,91.919998,90.709999,91.650002
DIS,26,November,2014,91.959999,92.279999,91.669998,91.919998
DIS,28,November,2014,92.529999,92.959999,92.230003,92.510002
DIS,1,December,2014,92.629997,93.139999,92.099998,92.699997
DIS,2,December,2014,92.650002,93.809998,92.419998,93.470001
DIS,3,December,2014,93.540001,93.660004,92.5,93.110001
DIS,4,December,2014,93.610001,93.629997,92.57,93.230003
DIS,5,December,2014,93.690002,93.980003,93.339996,93.760002
DIS,8,December,2014,94.209999,94.5,93.410004,93.800003
DIS,9,December,2014,93.510002,93.57,91.760002,92.940002
DIS,10,December,2014,92.519997,92.830002,91.550003,91.629997
DIS,11,December,2014,91.089996,92.660004,90.660004,91.75
DIS,12,December,2014,91.18,92.610001,90.949997,91.489998
DIS,15,December,2014,92.029999,92.690002,90.190002,90.900002
DIS,16,December,2014,90.5,92,90.129997,90.169998
DIS,17,December,2014,90.360001,91.68,90.199997,91.379997
DIS,18,December,2014,92.190002,92.610001,91.860001,92.610001
DIS,19,December,2014,92.339996,93.199997,91.879997,92.889999
DIS,22,December,2014,93.389999,94.360001,93.220001,94.199997
DIS,23,December,2014,94.480003,95.07,94.400002,94.690002
DIS,24,December,2014,94.690002,95.120003,94.370003,94.419998
DIS,26,December,2014,94.739998,95.309998,94.519997,95.029999
DIS,29,December,2014,NaN,NaN,NaN,NaN
DIS,30,December,2014,95.209999,95.5,94.5,94.699997
DIS,31,December,2014,95.129997,95.519997,94.029999,94.190002
DIS,2,January,2015,94.910004,95.279999,92.849998,93.75
DIS,5,January,2015,93.279999,93.349998,91.779999,92.379997
DIS,6,January,2015,NaN,NaN,NaN,NaN
DIS,7,January,2015,92.720001,93.150002,92.099998,92.830002
DIS,8,January,2015,93.870003,94.300003,93.559998,93.790001
DIS,9,January,2015,94.050003,95.269997,93.989998,94.25
DIS,12,January,2015,94.690002,94.760002,93.769997,94.459999
DIS,13,January,2015,95.279999,96.43,94.699997,95.190002
DIS,14,January,2015,94,94.800003,93.290001,94.230003
DIS,15,January,2015,94.230003,94.959999,94.040001,94.349998
DIS,16,January,2015,94,95.230003,93.980003,95.18
DIS,20,January,2015,95.220001,95.389999,93.75,94.739998
DIS,21,January,2015,94.370003,94.739998,93.82,94.169998
DIS,22,January,2015,94.580002,95.389999,94.010002,95.150002
DIS,23,January,2015,94.919998,95.529999,94.43,94.720001
DIS,26,January,2015,94.449997,95,93.93,94.970001
DIS,27,January,2015,NaN,NaN,NaN,NaN
DIS,28,January,2015,94.139999,94.470001,92.610001,92.669998
DIS,29,January,2015,NaN,NaN,NaN,NaN
DIS,30,January,2015,92.5,92.940002,90.830002,90.959999
DIS,2,February,2015,91.300003,92.050003,90.059998,91.93
DIS,3,February,2015,92.43,94.110001,92.190002,94.099998
DIS,4,February,2015,99.389999,101.940002,98.82,101.279999
DIS,5,February,2015,100.760002,102.839996,100.510002,102.639999
DIS,6,February,2015,102.669998,102.989998,101.650002,102.019997
DIS,9,February,2015,101.800003,102.5,101.449997,101.730003
DIS,10,February,2015,101.959999,102.190002,101.18,101.919998
DIS,11,February,2015,NaN,NaN,NaN,NaN
DIS,12,February,2015,102.160004,103.849998,101.699997,103.580002
DIS,13,February,2015,103.730003,104.410004,103.43,104.169998
DIS,17,February,2015,104.230003,104.449997,103.57,104.120003
DIS,18,February,2015,103.400002,104.330002,103.400002,103.860001
DIS,19,February,2015,104,104.080002,103.550003,103.889999
DIS,20,February,2015,103.860001,104.690002,102.730003,104.550003
DIS,23,February,2015,104.760002,105.230003,104.440002,104.989998
DIS,24,February,2015,104.540001,105.050003,104.349998,104.669998
DIS,25,February,2015,104.68,105.980003,104.669998,105.57
DIS,26,February,2015,105.5,105.709999,104.139999,104.559998
DIS,27,February,2015,104.669998,105.139999,103.959999,104.080002
DIS,2,March,2015,104.349998,105.980003,104.349998,105.889999
DIS,3,March,2015,105.779999,106.639999,105.209999,106.349998
DIS,4,March,2015,105.860001,106,104.779999,105.57
DIS,5,March,2015,105.540001,105.809998,104.870003,105.029999
DIS,6,March,2015,104.669998,105,103.489998,103.82
DIS,9,March,2015,103.940002,105.419998,103.82,105.260002
DIS,10,March,2015,104.269997,104.349998,103.089996,103.089996
DIS,11,March,2015,103.510002,104,102.870003,102.889999
DIS,12,March,2015,103.849998,107.330002,103.809998,107.169998
DIS,13,March,2015,107.279999,107.279999,105.519997,106.440002
DIS,16,March,2015,106.839996,107.730003,106.050003,107.370003
DIS,17,March,2015,107,107.209999,106.150002,106.959999
DIS,18,March,2015,106.900002,108.419998,105.730003,107.970001
DIS,19,March,2015,107.839996,108.480003,107.139999,107.370003
DIS,20,March,2015,107.830002,108.940002,107.5,108.43
DIS,23,March,2015,108.599998,108.849998,108.040001,108.220001
DIS,24,March,2015,107.720001,108.050003,107.080002,107.110001
DIS,25,March,2015,107.449997,107.459999,105,105
DIS,26,March,2015,104.470001,105.82,104.099998,105.239998
DIS,27,March,2015,105.199997,106.449997,104.879997,105.480003
DIS,30,March,2015,106.059998,106.949997,106.050003,106.120003
DIS,31,March,2015,105.599998,106.32,104.889999,104.889999
DIS,1,April,2015,105.43,106,104.25,105.440002
DIS,2,April,2015,105.489998,106.239998,104.860001,106
DIS,6,April,2015,105.309998,106.57,105.040001,105.629997
DIS,7,April,2015,NaN,NaN,NaN,NaN
DIS,8,April,2015,105.230003,106.690002,105.160004,106.360001
DIS,9,April,2015,106.510002,107,105.879997,106.769997
DIS,10,April,2015,106.730003,107.099998,106.410004,106.949997
DIS,13,April,2015,107.07,107.900002,106.470001,106.510002
DIS,14,April,2015,106.410004,107.300003,106.110001,106.660004
DIS,15,April,2015,106.919998,107.43,106.860001,106.980003
DIS,16,April,2015,107.150002,108.300003,106.900002,108.099998
DIS,17,April,2015,107.800003,107.800003,106.040001,106.690002
DIS,20,April,2015,107.830002,108.5,107.32,108.220001
DIS,21,April,2015,108.93,108.989998,107.580002,107.68
DIS,22,April,2015,108.019997,108.25,106.970001,107.940002
DIS,23,April,2015,107.959999,109.900002,107.610001,109
DIS,24,April,2015,109.529999,110.480003,109.190002,109.529999
DIS,27,April,2015,111.5,111.660004,110.07,110.160004
DIS,28,April,2015,110.75,111.150002,108.889999,109.919998
DIS,29,April,2015,109.660004,110.379997,109.260002,109.809998
DIS,30,April,2015,109.68,110.190002,107.68,108.720001
DIS,1,May,2015,109.949997,110.669998,109.269997,110.519997
DIS,4,May,2015,NaN,NaN,NaN,NaN
DIS,5,May,2015,113.269997,113.300003,110.559998,110.809998
DIS,6,May,2015,111.559998,111.959999,109.220001,109.720001
DIS,7,May,2015,109.599998,109.779999,108.720001,109.260002
DIS,8,May,2015,110.260002,110.699997,109.57,110.110001
DIS,11,May,2015,110.139999,110.139999,108.489998,108.599998
DIS,12,May,2015,108.599998,109.660004,107.669998,109.239998
DIS,13,May,2015,109.699997,109.870003,108.779999,109.190002
DIS,14,May,2015,109.690002,110,109.010002,109.93
DIS,15,May,2015,110.099998,110.690002,109.68,110.300003
DIS,18,May,2015,110.470001,110.739998,110.010002,110.330002
DIS,19,May,2015,110.690002,110.989998,110.470001,110.559998
DIS,20,May,2015,NaN,NaN,NaN,NaN
DIS,21,May,2015,110.040001,110.639999,109.900002,110.389999
DIS,22,May,2015,110.300003,110.900002,110.120003,110.260002
DIS,26,May,2015,110.169998,110.849998,108.760002,109.440002
DIS,27,May,2015,109.510002,110.610001,109.300003,110.370003
DIS,28,May,2015,110.110001,110.540001,109.599998,110.529999
DIS,29,May,2015,110.330002,110.519997,109.410004,110.370003
DIS,1,June,2015,111.480003,111.769997,110.550003,110.959999
DIS,2,June,2015,110.919998,111.25,110.019997,110.75
DIS,3,June,2015,110.75,111.82,110.5,111.169998
DIS,4,June,2015,110.949997,111.25,109.989998,110.300003
DIS,5,June,2015,110.300003,110.769997,109.800003,110.300003
DIS,8,June,2015,110.029999,110.239998,109.209999,109.290001
DIS,9,June,2015,109.349998,109.410004,107.650002,108.519997
DIS,10,June,2015,108.900002,110.25,108.730003,110
DIS,11,June,2015,110.010002,110.959999,110.010002,110.620003
DIS,12,June,2015,110.330002,110.529999,109.540001,109.949997
DIS,15,June,2015,109.269997,110.410004,108.93,110.18
DIS,16,June,2015,110.349998,111.290001,109.900002,111.059998
DIS,17,June,2015,111.199997,111.940002,110.879997,111.489998
DIS,18,June,2015,111.830002,113.550003,111.580002,113.220001
DIS,19,June,2015,112.830002,113.480003,112.400002,112.620003
DIS,22,June,2015,113.400002,114.470001,113.269997,113.529999
DIS,23,June,2015,113.93,114.519997,113.720001,114.410004
DIS,24,June,2015,114.300003,114.559998,113.709999,113.769997
DIS,25,June,2015,NaN,NaN,NaN,NaN
DIS,26,June,2015,114.970001,115.18,114.410004,114.989998
DIS,29,June,2015,114.160004,115.190002,113,113.050003
DIS,30,June,2015,113.93,114.860001,113.550003,114.139999
DIS,1,July,2015,114.949997,115.25,114.339996,115.129997
DIS,2,July,2015,115.379997,115.669998,114.449997,114.970001
DIS,6,July,2015,NaN,NaN,NaN,NaN
DIS,7,July,2015,116.419998,117.190002,114.860001,117.099998
DIS,8,July,2015,116.5,116.68,115.110001,115.190002
DIS,9,July,2015,116.830002,117.209999,115.510002,115.599998
DIS,10,July,2015,117.050003,117.43,115.669998,116.440002
DIS,13,July,2015,117.75,118.309998,117.25,118.050003
DIS,14,July,2015,118.029999,118.139999,117.699997,117.849998
DIS,15,July,2015,118.040001,118.900002,117.849998,118.300003
DIS,16,July,2015,119,119.150002,118.540001,119.07
DIS,17,July,2015,118.690002,118.900002,118.029999,118.860001
DIS,20,July,2015,119.290001,119.900002,118.889999,119.580002
DIS,21,July,2015,119.760002,119.800003,118.830002,119.309998
DIS,22,July,2015,119.279999,119.699997,118.93,119.330002
DIS,23,July,2015,119.300003,119.669998,118.57,118.800003
DIS,24,July,2015,NaN,NaN,NaN,NaN
DIS,27,July,2015,118.629997,118.800003,117.779999,118.25
DIS,28,July,2015,118.68,118.900002,117.870003,118.459999
DIS,29,July,2015,118.849998,119.860001,118.410004,119.839996
DIS,30,July,2015,119.709999,120.349998,119.010002,120.029999
DIS,31,July,2015,120.120003,120.720001,119.599998,120
DIS,3,August,2015,120.879997,121.730003,120.169998,121.120003
DIS,4,August,2015,121.5,122.080002,120.610001,121.690002
DIS,5,August,2015,110.830002,113.949997,109.5,110.529999
DIS,6,August,2015,110.400002,110.400002,104.239998,108.550003
DIS,7,August,2015,108.75,109.559998,107.660004,109.349998
DIS,10,August,2015,110,111,109.739998,111
DIS,11,August,2015,NaN,NaN,NaN,NaN
DIS,12,August,2015,107,107.440002,105.510002,106.989998
DIS,13,August,2015,107.209999,108.510002,106.75,107.519997
DIS,14,August,2015,107.610001,107.669998,106.519997,107.160004
DIS,17,August,2015,107.300003,109.279999,106.839996,109.050003
DIS,18,August,2015,108.040001,108.25,106.800003,106.940002
DIS,19,August,2015,106.580002,107.75,105.769997,106.449997
DIS,20,August,2015,104.339996,105,99.760002,100.019997
DIS,21,August,2015,97.5,100.629997,96.610001,98.839996
DIS,24,August,2015,93.379997,100,90,95.360001
DIS,25,August,2015,99.730003,100.089996,95.720001,95.889999
DIS,26,August,2015,98.690002,99.489998,96.260002,99.230003
DIS,27,August,2015,101.349998,102.620003,99.779999,102.169998
DIS,28,August,2015,102.190002,103.339996,101.809998,102.480003
DIS,31,August,2015,102.300003,102.459999,100.910004,101.879997
DIS,1,September,2015,99.309998,101.339996,99.160004,99.510002
DIS,2,September,2015,100.919998,101.940002,99.550003,101.889999
DIS,3,September,2015,102.199997,103.029999,101.459999,101.989998
DIS,4,September,2015,100.959999,101.82,100.360001,100.970001
DIS,8,September,2015,NaN,NaN,NaN,NaN
DIS,9,September,2015,104.75,104.949997,101.68,101.910004
DIS,10,September,2015,101.849998,103.220001,101.330002,102.599998
DIS,11,September,2015,102.349998,104.5,102.199997,104.480003
DIS,14,September,2015,104.650002,104.900002,102.989998,103.82
DIS,15,September,2015,NaN,NaN,NaN,NaN
DIS,16,September,2015,103.32,104.07,102.75,103.959999
DIS,17,September,2015,104.199997,105.949997,103.75,104.199997
DIS,18,September,2015,103.199997,104.209999,102.389999,102.839996
DIS,21,September,2015,103.68,103.830002,102.459999,103.410004
DIS,22,September,2015,102.18,102.75,101.480003,102.489998
DIS,23,September,2015,102.440002,102.629997,101.379997,101.57
DIS,24,September,2015,101,101.330002,99.239998,100.620003
DIS,25,September,2015,101.510002,101.800003,99.580002,100.300003
DIS,28,September,2015,99.900002,100.389999,98.300003,98.489998
DIS,29,September,2015,98.510002,100.059998,97.769997,99.419998
DIS,30,September,2015,100.779999,102.43,100.5,102.199997
DIS,1,October,2015,102.970001,103.470001,101.080002,102.669998
DIS,2,October,2015,101.209999,103.010002,99.879997,103
DIS,5,October,2015,103.699997,104.199997,102.610001,103.849998
DIS,6,October,2015,104.190002,104.510002,103.209999,103.769997
DIS,7,October,2015,104.489998,104.589996,102.660004,103.389999
DIS,8,October,2015,103.199997,104.889999,102.699997,104.610001
DIS,9,October,2015,105.089996,106.050003,104.669998,105.559998
DIS,12,October,2015,105.910004,106.699997,105.620003,106.349998
DIS,13,October,2015,105.739998,107.389999,105.309998,106.589996
DIS,14,October,2015,106.5,106.849998,105.230003,105.730003
DIS,15,October,2015,106.5,108,106.260002,107.889999
DIS,16,October,2015,108.269997,108.5,107.459999,108.239998
DIS,19,October,2015,108.25,109.970001,107.940002,109.470001
DIS,20,October,2015,NaN,NaN,NaN,NaN
DIS,21,October,2015,110.669998,111.559998,110.010002,110.089996
DIS,22,October,2015,110.669998,113.349998,110.389999,113.25
DIS,23,October,2015,114.209999,114.209999,111.849998,113.089996
DIS,26,October,2015,113.07,113.580002,112.120003,113.519997
DIS,27,October,2015,113.290001,114.269997,113.25,113.769997
DIS,28,October,2015,113.970001,114.459999,112.860001,114.339996
DIS,29,October,2015,NaN,NaN,NaN,NaN
DIS,30,October,2015,115,115.239998,113.669998,113.739998
DIS,2,November,2015,114.489998,115.309998,114.010002,115.040001
DIS,3,November,2015,114.970001,116.400002,114.540001,115.540001
DIS,4,November,2015,116.639999,116.830002,110.809998,113.25
DIS,5,November,2015,113.260002,113.93,111.599998,113
DIS,6,November,2015,114.599998,116.75,114.57,115.669998
DIS,9,November,2015,115.900002,116.730003,115.18,116.419998
DIS,10,November,2015,116.169998,117.510002,115.510002,117.419998
DIS,11,November,2015,117.550003,117.580002,116.43,116.519997
DIS,12,November,2015,115.599998,116.989998,115,116.209999
DIS,13,November,2015,115.919998,116.419998,114.379997,114.839996
DIS,16,November,2015,113.470001,116.080002,113.339996,115.919998
DIS,17,November,2015,116.110001,117.550003,115.510002,116.129997
DIS,18,November,2015,NaN,NaN,NaN,NaN
DIS,19,November,2015,NaN,NaN,NaN,NaN
DIS,20,November,2015,119.110001,120.25,118.900002,120.07
DIS,23,November,2015,120.300003,120.650002,119,119.419998
DIS,24,November,2015,117.900002,118.57,117.279999,117.949997
DIS,25,November,2015,118.290001,119.339996,118.150002,118.669998
DIS,27,November,2015,NaN,NaN,NaN,NaN
DIS,30,November,2015,115.559998,115.580002,113.309998,113.470001
DIS,1,December,2015,114.150002,115.459999,113.660004,115.389999
DIS,2,December,2015,115.389999,115.470001,113.830002,114
DIS,3,December,2015,114.169998,114.650002,111.440002,111.889999
DIS,4,December,2015,112.739998,114.309998,112.529999,114.239998
DIS,7,December,2015,NaN,NaN,NaN,NaN
DIS,8,December,2015,113.349998,113.449997,112.400002,112.480003
DIS,9,December,2015,112.389999,113.059998,110.580002,111.470001
DIS,10,December,2015,111.150002,111.580002,110.169998,110.760002
DIS,11,December,2015,110.760002,110.760002,107.620003,108.040001
DIS,14,December,2015,108.68,109.870003,108.279999,109.349998
DIS,15,December,2015,112.050003,113.349998,111.580002,112.160004
DIS,16,December,2015,114.690002,114.75,111.800003,113.790001
DIS,17,December,2015,114.129997,114.480003,111.980003,112.010002
DIS,18,December,2015,112.010002,112.440002,107.349998,107.720001
DIS,21,December,2015,108.800003,110.099998,105.330002,106.589996
DIS,22,December,2015,106.989998,107.199997,105.830002,106.739998
DIS,23,December,2015,107.209999,107.239998,104.300003,105.559998
DIS,24,December,2015,105.199997,106.639999,105.059998,105.860001
DIS,28,December,2015,106.5,108.199997,106.330002,107.25
DIS,29,December,2015,107.879997,108.040001,106.449997,107.080002
DIS,30,December,2015,106.889999,107.209999,106.25,106.339996
DIS,31,December,2015,106.139999,106.309998,105.059998,105.080002
DIS,4,January,2016,103.120003,103.43,101.730003,102.980003
DIS,5,January,2016,102.669998,102.669998,99.889999,100.900002
DIS,6,January,2016,99.379997,101.459999,99.360001,100.360001
DIS,7,January,2016,98.959999,101.349998,98.519997,99.5
DIS,8,January,2016,100.629997,100.919998,99,99.25
DIS,11,January,2016,100.209999,100.449997,98.550003,99.919998
DIS,12,January,2016,100.970001,101.849998,100.339996,101.459999
DIS,13,January,2016,101.879997,101.879997,98.120003,98.480003
DIS,14,January,2016,98.650002,99.910004,97.190002,99.110001
DIS,15,January,2016,95.620003,96.879997,93.459999,93.900002
DIS,19,January,2016,95,95.07,93.029999,93.970001
DIS,20,January,2016,92.18,93.639999,90.419998,92.540001
DIS,21,January,2016,92.870003,94.860001,92.300003,94.019997
DIS,22,January,2016,95.949997,97.419998,95.550003,96.900002
DIS,25,January,2016,96.419998,96.68,95.120003,95.290001
DIS,26,January,2016,NaN,NaN,NaN,NaN
DIS,27,January,2016,96.309998,96.629997,93.870003,94.32
DIS,28,January,2016,95.199997,95.199997,92.370003,93.529999
DIS,29,January,2016,94.209999,95.82,93.629997,95.82
DIS,1,February,2016,95.080002,95.709999,94.699997,95.150002
DIS,2,February,2016,94,94.169998,92.870003,93.120003
DIS,3,February,2016,94.099998,95.410004,92.419998,95.139999
DIS,4,February,2016,94.870003,96.730003,94.599998,95.43
DIS,5,February,2016,95.32,95.389999,93.470001,93.900002
DIS,8,February,2016,92.559998,92.959999,89.510002,92.120003
DIS,9,February,2016,90.150002,93.199997,89.040001,92.32
DIS,10,February,2016,NaN,NaN,NaN,NaN
DIS,11,February,2016,87,91.059998,86.959999,90.309998
DIS,12,February,2016,91.519997,91.589996,89.610001,91.150002
DIS,16,February,2016,92.470001,93.309998,91.790001,92.910004
DIS,17,February,2016,93.669998,96.440002,93.559998,95.5
DIS,18,February,2016,96.339996,96.449997,94.449997,95.169998
DIS,19,February,2016,95.230003,95.720001,94.559998,95.010002
DIS,22,February,2016,95.010002,97,95.010002,96.370003
DIS,23,February,2016,96.5,96.82,95.150002,95.379997
DIS,24,February,2016,94.650002,95.75,93.230003,95.43
DIS,25,February,2016,95.919998,95.949997,94.349998,95.650002
DIS,26,February,2016,95.709999,96.220001,95.279999,95.309998
DIS,29,February,2016,95.309998,96.290001,95.230003,95.519997
DIS,1,March,2016,95.900002,97.660004,95.529999,97.650002
DIS,2,March,2016,97.669998,97.830002,96.410004,97
DIS,3,March,2016,97.790001,98.839996,96.889999,98.82
DIS,4,March,2016,99,99.209999,97.900002,98.480003
DIS,7,March,2016,98.57,99.709999,98.480003,99.389999
DIS,8,March,2016,98.93,98.980003,97.599998,97.82
DIS,9,March,2016,98,98.239998,96.809998,97.660004
DIS,10,March,2016,97.940002,98.419998,95.870003,97.040001
DIS,11,March,2016,97.57,98.349998,97.540001,97.940002
DIS,14,March,2016,97.940002,99.220001,97.839996,98.809998
DIS,15,March,2016,98.019997,98.330002,97.389999,98.239998
DIS,16,March,2016,98.160004,99.080002,97.470001,98.440002
DIS,17,March,2016,98.279999,99.910004,98.279999,99.599998
DIS,18,March,2016,99.980003,100.150002,98.959999,99.199997
DIS,21,March,2016,98.919998,99.120003,97.699997,98.459999
DIS,22,March,2016,97.589996,98.32,97.440002,97.580002
DIS,23,March,2016,97.720001,97.849998,96.75,96.830002
DIS,24,March,2016,NaN,NaN,NaN,NaN
DIS,28,March,2016,97.5,98.459999,97.449997,98.089996
DIS,29,March,2016,98,98.370003,97.360001,98.160004
DIS,30,March,2016,98.900002,99.089996,98.349998,98.910004
DIS,31,March,2016,99.010002,100.370003,99.010002,99.309998
DIS,1,April,2016,98.800003,99.339996,98.580002,99.07
DIS,4,April,2016,99.300003,99.440002,98.580002,98.68
DIS,5,April,2016,96.849998,97.610001,96.150002,97
DIS,6,April,2016,96.959999,97.629997,96.830002,97.480003
DIS,7,April,2016,97.110001,97.419998,95.919998,96.160004
DIS,8,April,2016,96.629997,96.839996,95.800003,96.419998
DIS,11,April,2016,96.93,97.639999,96.199997,96.269997
DIS,12,April,2016,96.279999,97.529999,96.07,97.349998
DIS,13,April,2016,98.029999,99.809998,97.959999,99.480003
DIS,14,April,2016,99.790001,99.870003,98.260002,98.629997
DIS,15,April,2016,98.5,98.889999,98.18,98.589996
DIS,18,April,2016,99.599998,101.949997,99.5,101.480003
DIS,19,April,2016,102,103.639999,101.93,102.639999
DIS,20,April,2016,103.019997,103.480003,101.959999,103.269997
DIS,21,April,2016,103.360001,104.120003,102.650002,102.910004
DIS,22,April,2016,103.059998,103.989998,102.93,103.769997
DIS,25,April,2016,103.5,104.620003,103.349998,104.57
DIS,26,April,2016,104.580002,105.57,104.18,104.889999
DIS,27,April,2016,105.190002,105.599998,104.760002,105.279999
DIS,28,April,2016,104.540001,105.489998,103.800003,104.029999
DIS,29,April,2016,103.949997,104.209999,102.400002,103.260002
DIS,2,May,2016,103.300003,104.57,102.800003,104.360001
DIS,3,May,2016,103.879997,103.989998,103.190002,103.779999
DIS,4,May,2016,103.309998,104.480003,103.199997,103.669998
DIS,5,May,2016,103.980003,105.129997,103.449997,104.93
DIS,6,May,2016,104.510002,105.739998,104.389999,105.540001
DIS,9,May,2016,106.010002,106.68,104.970001,105.339996
DIS,10,May,2016,105.529999,106.75,105.449997,106.599998
DIS,11,May,2016,101.459999,102.5,100.620003,102.290001
DIS,12,May,2016,102.5,102.849998,101.129997,101.709999
DIS,13,May,2016,101.709999,102.040001,100.360001,100.519997
DIS,16,May,2016,100.410004,100.669998,99.370003,100.360001
DIS,17,May,2016,100.790001,101.290001,99.550003,99.940002
DIS,18,May,2016,99.589996,99.769997,98.360001,99
DIS,19,May,2016,98.580002,98.610001,97.510002,98.410004
DIS,20,May,2016,99,99.93,98.769997,99.779999
DIS,23,May,2016,99.599998,100.330002,99.120003,99.18
DIS,24,May,2016,99.449997,100.040001,99.379997,99.510002
DIS,25,May,2016,99.919998,100.800003,99.809998,99.860001
DIS,26,May,2016,99.889999,100.489998,99.57,99.809998
DIS,27,May,2016,99.809998,100.529999,99.809998,100.290001
DIS,31,May,2016,99.849998,99.889999,98.57,99.220001
DIS,1,June,2016,98.669998,98.989998,97.730003,98.519997
DIS,2,June,2016,98.07,98.720001,97.870003,98.720001
DIS,3,June,2016,NaN,NaN,NaN,NaN
DIS,6,June,2016,98.959999,99.120003,98.470001,98.779999
DIS,7,June,2016,99,99.040001,98.32,98.349998
DIS,8,June,2016,98.489998,98.82,97.699997,98.040001
DIS,9,June,2016,97.82,97.93,97.099998,97.839996
DIS,10,June,2016,97.150002,97.709999,96.779999,97.339996
DIS,13,June,2016,NaN,NaN,NaN,NaN
DIS,14,June,2016,97.199997,98.550003,97.18,98.400002
DIS,15,June,2016,98.190002,99,98.190002,98.269997
DIS,16,June,2016,97.800003,98.629997,96.860001,98.379997
DIS,17,June,2016,98.410004,99.139999,98.269997,99
DIS,20,June,2016,100.080002,100.959999,99.5,99.57
DIS,21,June,2016,99.730003,99.790001,98.769997,98.82
DIS,22,June,2016,99.080002,99.620003,98.699997,98.790001
DIS,23,June,2016,99.440002,99.620003,98.610001,99.019997
DIS,24,June,2016,NaN,NaN,NaN,NaN
DIS,27,June,2016,94.910004,95.230003,94,94.379997
DIS,28,June,2016,95.459999,96.279999,95.139999,96.050003
DIS,29,June,2016,96.910004,97.290001,96.279999,96.980003
DIS,30,June,2016,97.099998,98.07,96.879997,97.82
DIS,1,July,2016,97.75,98.639999,97.709999,98.029999
DIS,5,July,2016,97.769997,98,97.169998,97.660004
DIS,6,July,2016,NaN,NaN,NaN,NaN
DIS,7,July,2016,97.629997,98.480003,97.580002,98.410004
DIS,8,July,2016,99.25,99.849998,98.769997,99.620003
DIS,11,July,2016,NaN,NaN,NaN,NaN
DIS,12,July,2016,NaN,NaN,NaN,NaN
DIS,13,July,2016,100.459999,100.800003,99.849998,99.879997
DIS,14,July,2016,100.419998,100.800003,99.68,99.970001
DIS,15,July,2016,100.419998,100.540001,99.540001,99.800003
DIS,18,July,2016,99.900002,100.709999,99.870003,100.150002
DIS,19,July,2016,99.809998,99.989998,99.360001,99.470001
DIS,20,July,2016,98.650002,98.690002,97.139999,98.220001
DIS,21,July,2016,98.169998,99.129997,97.620003,98.010002
DIS,22,July,2016,98.389999,98.419998,97.470001,97.709999
DIS,25,July,2016,97.900002,98.059998,97.25,97.389999
DIS,26,July,2016,97.019997,97.160004,96.339996,96.690002
DIS,27,July,2016,96.699997,96.93,95.860001,96.330002
DIS,28,July,2016,96.400002,96.489998,95.82,95.910004
DIS,29,July,2016,95.849998,96.379997,95.849998,95.949997
DIS,1,August,2016,96.150002,96.199997,95.080002,95.540001
DIS,2,August,2016,95.349998,95.75,94.559998,95.010002
DIS,3,August,2016,95.059998,96.43,95,96.089996
DIS,4,August,2016,95.529999,95.980003,94.709999,95.160004
DIS,5,August,2016,95.400002,96,95.349998,95.830002
DIS,8,August,2016,96.110001,96.290001,95.580002,95.75
DIS,9,August,2016,95.610001,96.849998,95.300003,96.669998
DIS,10,August,2016,96.699997,99.269997,95.849998,97.860001
DIS,11,August,2016,98.199997,98.389999,97.150002,97.769997
DIS,12,August,2016,97.82,97.82,96.660004,96.839996
DIS,15,August,2016,97.349998,97.610001,96.919998,97.099998
DIS,16,August,2016,96.860001,97.25,96.269997,96.879997
DIS,17,August,2016,96.839996,96.970001,96.519997,96.870003
DIS,18,August,2016,96.870003,97.120003,96.550003,96.650002
DIS,19,August,2016,96.400002,96.790001,96.050003,96.389999
DIS,22,August,2016,96.470001,96.470001,95.650002,95.870003
DIS,23,August,2016,96.129997,96.43,95.800003,95.970001
DIS,24,August,2016,NaN,NaN,NaN,NaN
DIS,25,August,2016,95.620003,95.82,95.410004,95.550003
DIS,26,August,2016,95.660004,96.129997,94.75,95.209999
DIS,29,August,2016,95.07,95.32,94.459999,94.870003
DIS,30,August,2016,94.769997,95.290001,94.769997,94.860001
DIS,31,August,2016,94.690002,94.900002,94.160004,94.459999
DIS,1,September,2016,94.730003,94.870003,93.910004,94.260002
DIS,2,September,2016,94.75,94.959999,94.129997,94.419998
DIS,6,September,2016,94.529999,94.529999,93.349998,93.800003
DIS,7,September,2016,93.980003,94.029999,93.330002,93.709999
DIS,8,September,2016,93.489998,94.209999,92.93,94.089996
DIS,9,September,2016,93.510002,93.739998,92.389999,92.419998
DIS,12,September,2016,91.959999,93.860001,91.949997,93.639999
DIS,13,September,2016,93.040001,93.300003,92.449997,92.699997
DIS,14,September,2016,92.589996,92.889999,92.07,92.260002
DIS,15,September,2016,92.120003,92.75,91.190002,92.5
DIS,16,September,2016,92.269997,92.739998,91.800003,92.559998
DIS,19,September,2016,92.800003,93.32,92.339996,92.629997
DIS,20,September,2016,92.699997,93.300003,92.68,92.949997
DIS,21,September,2016,NaN,NaN,NaN,NaN
DIS,22,September,2016,92.730003,93.709999,92.639999,93.410004
DIS,23,September,2016,93.07,93.519997,93,93.269997
DIS,26,September,2016,92.470001,92.68,91.400002,91.959999
DIS,27,September,2016,91.93,92.18,91.5,91.720001
DIS,28,September,2016,91.75,92.300003,91.480003,92.199997
DIS,29,September,2016,92.139999,93.099998,91.529999,91.800003
DIS,30,September,2016,92.279999,93.489998,92.209999,92.860001
DIS,3,October,2016,92.470001,92.720001,92.050003,92.489998
DIS,4,October,2016,92.449997,92.989998,92.110001,92.589996
DIS,5,October,2016,92.940002,93.279999,92.379997,92.449997
DIS,6,October,2016,92.75,93.580002,92.389999,92.830002
DIS,7,October,2016,93.059998,93.290001,92.019997,92.489998
DIS,10,October,2016,NaN,NaN,NaN,NaN
DIS,11,October,2016,92.330002,92.379997,91.57,91.860001
DIS,12,October,2016,91.879997,92.080002,91.389999,91.410004
DIS,13,October,2016,90.949997,91.360001,90.32,91.120003
DIS,14,October,2016,91.769997,91.769997,91.290001,91.300003
DIS,17,October,2016,91.349998,91.470001,90.559998,90.830002
DIS,18,October,2016,91.400002,91.739998,90.980003,91.169998
DIS,19,October,2016,91.269997,92.139999,91,91.93
DIS,20,October,2016,91.660004,92.32,91.440002,92.029999
DIS,21,October,2016,91.330002,94.190002,90.599998,93.029999
DIS,24,October,2016,NaN,NaN,NaN,NaN
DIS,25,October,2016,93.139999,93.360001,92.639999,92.75
DIS,26,October,2016,92.389999,93.720001,91.900002,93.489998
DIS,27,October,2016,93.800003,94.339996,93.309998,94.019997
DIS,28,October,2016,93.889999,94.400002,93.529999,93.849998
DIS,31,October,2016,NaN,NaN,NaN,NaN
DIS,1,November,2016,92.779999,92.989998,91.660004,92.389999
DIS,2,November,2016,91.910004,92.559998,91.690002,91.910004
DIS,3,November,2016,92.260002,94.129997,92.239998,93.370003
DIS,4,November,2016,93.5,93.790001,92.360001,92.449997
DIS,7,November,2016,93.769997,94.480003,92.949997,94.43
DIS,8,November,2016,94.529999,94.849998,93.900002,94.379997
DIS,9,November,2016,92.290001,94.919998,92.110001,94.639999
DIS,10,November,2016,94.889999,96.059998,94.230003,94.959999
DIS,11,November,2016,97.18,98.32,95.779999,97.68
DIS,14,November,2016,97.559998,98.309998,97.449997,97.919998
DIS,15,November,2016,97.900002,98.139999,97.419998,97.699997
DIS,16,November,2016,98.330002,99.169998,98.099998,99.120003
DIS,17,November,2016,99.050003,99.5,98.269997,99.370003
DIS,18,November,2016,99.050003,99.370003,98.139999,98.239998
DIS,21,November,2016,98.110001,98.269997,97,97.629997
DIS,22,November,2016,97.400002,97.93,97.269997,97.709999
DIS,23,November,2016,97.669998,98.279999,97.589996,98.260002
DIS,25,November,2016,98.709999,99.07,98.5,98.82
DIS,28,November,2016,98.519997,99.199997,98.32,98.970001
DIS,29,November,2016,99.239998,99.68,98.970001,99.669998
DIS,30,November,2016,99.400002,100.290001,99,99.120003
DIS,1,December,2016,99.129997,99.75,98.620003,98.940002
DIS,2,December,2016,98.790001,99.080002,98.25,98.5
DIS,5,December,2016,98.980003,100.269997,98.68,99.959999
DIS,6,December,2016,99.949997,100.720001,99.82,100.660004
DIS,7,December,2016,NaN,NaN,NaN,NaN
DIS,8,December,2016,101.470001,103.959999,101.470001,103.379997
DIS,9,December,2016,103.489998,105.519997,103.18,104.860001
DIS,12,December,2016,104.610001,104.699997,103.730003,104.059998
DIS,13,December,2016,104.199997,104.309998,103.709999,103.849998
DIS,14,December,2016,103.620003,104.410004,103.5,104.050003
DIS,15,December,2016,103.849998,105.639999,103.82,104.389999
DIS,16,December,2016,104.709999,104.730003,103.75,103.910004
DIS,19,December,2016,105.699997,106.260002,105.07,105.300003
DIS,20,December,2016,105.639999,106.199997,105.059998,105.459999
DIS,21,December,2016,104.610001,105.910004,104.510002,105.559998
DIS,22,December,2016,NaN,NaN,NaN,NaN
DIS,23,December,2016,105.239998,105.339996,104.75,105.150002
DIS,27,December,2016,104.849998,105.559998,104.779999,105.169998
DIS,28,December,2016,104.989998,105.32,104.059998,104.300003
DIS,29,December,2016,104.230003,104.769997,103.870003,104.559998
DIS,30,December,2016,104.57,105,103.959999,104.220001
DIS,3,January,2017,105.300003,106.900002,105.209999,106.080002
DIS,4,January,2017,106.639999,107.5,106.25,107.440002
DIS,5,January,2017,NaN,NaN,NaN,NaN
DIS,6,January,2017,108.019997,109.349998,107.75,108.980003
DIS,9,January,2017,108.580002,108.830002,108.110001,108.360001
DIS,10,January,2017,107.900002,108.82,107.349998,108.379997
DIS,11,January,2017,108.540001,109.489998,108.379997,109.440002
DIS,12,January,2017,108.120003,109,107.43,107.529999
DIS,13,January,2017,107.160004,108.349998,106.900002,108.059998
DIS,17,January,2017,107.910004,108.93,107.650002,107.970001
DIS,18,January,2017,106.93,108.400002,106.809998,108.160004
DIS,19,January,2017,NaN,NaN,NaN,NaN
DIS,20,January,2017,NaN,NaN,NaN,NaN
DIS,23,January,2017,107.339996,107.68,106.57,107.120003
DIS,24,January,2017,107.199997,108.059998,107.080002,107.900002
DIS,25,January,2017,108.230003,108.419998,108,108.040001
DIS,26,January,2017,108.209999,108.620003,107.980003,108.059998
DIS,27,January,2017,108.489998,109.400002,108.150002,109.300003
DIS,30,January,2017,109.860001,111.050003,108.959999,110.940002
DIS,31,January,2017,110.589996,110.800003,109.980003,110.650002
DIS,1,February,2017,110.709999,111.989998,110.68,111.300003
DIS,2,February,2017,111.209999,111.540001,110.550003,110.610001
DIS,3,February,2017,110.900002,111.150002,110.209999,110.300003
DIS,6,February,2017,109.919998,110.150002,109.300003,109.57
DIS,7,February,2017,109.650002,109.730003,108.769997,109
DIS,8,February,2017,109.559998,111.419998,108.980003,109
DIS,9,February,2017,109,109.849998,109,109.489998
DIS,10,February,2017,109.349998,109.800003,108.580002,109.260002
DIS,13,February,2017,108.949997,109.900002,108.900002,109.650002
DIS,14,February,2017,109.800003,110.330002,109.529999,110.330002
DIS,15,February,2017,109.910004,110.68,109.800003,110.18
DIS,16,February,2017,110.339996,110.870003,110.089996,110.709999
DIS,17,February,2017,110.239998,110.5,109.519997,110.059998
DIS,21,February,2017,109.940002,110.209999,109.800003,110.010002
DIS,22,February,2017,109.690002,110.279999,109.529999,110.120003
DIS,23,February,2017,110.300003,110.489998,109.589996,109.730003
DIS,24,February,2017,109.620003,110.32,109.099998,110.32
DIS,27,February,2017,109.93,110.470001,109.830002,110.230003
DIS,28,February,2017,110,110.400002,109.830002,110.089996
DIS,1,March,2017,110.660004,111.800003,110.660004,111.040001
DIS,2,March,2017,111,111.209999,110.449997,110.589996
DIS,3,March,2017,110.589996,111.5,110.040001,111.239998
DIS,6,March,2017,110.769997,110.980003,110.089996,110.669998
DIS,7,March,2017,110.699997,110.93,110.160004,110.860001
DIS,8,March,2017,110.870003,111.32,110.660004,110.839996
DIS,9,March,2017,110.900002,111.32,110.690002,111.029999
DIS,10,March,2017,111.400002,111.5,110.690002,110.919998
DIS,13,March,2017,110.919998,111.68,110.82,111.519997
DIS,14,March,2017,111.730003,112.889999,111.720001,112.309998
DIS,15,March,2017,112.43,112.449997,111.150002,111.870003
DIS,16,March,2017,112.18,112.32,111.400002,111.709999
DIS,17,March,2017,NaN,NaN,NaN,NaN
DIS,20,March,2017,112.07,113.160004,112.050003,112.709999
DIS,21,March,2017,NaN,NaN,NaN,NaN
DIS,22,March,2017,111.849998,112.18,111.349998,112.080002
DIS,23,March,2017,111.709999,112.980003,111.660004,112.239998
DIS,24,March,2017,112.400002,112.580002,111.68,112.139999
DIS,27,March,2017,111.809998,112.550003,111.449997,112.379997
DIS,28,March,2017,112.599998,113.239998,112.019997,113.050003
DIS,29,March,2017,112.660004,112.940002,112.309998,112.529999
DIS,30,March,2017,112.529999,113.300003,112.279999,113.18
DIS,31,March,2017,113,113.709999,112.949997,113.389999
DIS,3,April,2017,NaN,NaN,NaN,NaN
DIS,4,April,2017,113.150002,113.550003,112.830002,113.040001
DIS,5,April,2017,113.580002,113.839996,112.790001,113
DIS,6,April,2017,112.849998,113.419998,112.389999,113.050003
DIS,7,April,2017,112.82,113.279999,112.529999,112.580002
DIS,10,April,2017,112.800003,112.889999,112.040001,112.43
DIS,11,April,2017,113.68,113.830002,112.589996,113.07
DIS,12,April,2017,113.029999,113.279999,112.760002,113.040001
DIS,13,April,2017,113.040001,114.25,112.989998,113.199997
DIS,17,April,2017,113.330002,113.940002,113.220001,113.779999
DIS,18,April,2017,113.480003,114.75,113,114.190002
DIS,19,April,2017,114.559998,115,113.540001,113.730003
DIS,20,April,2017,114.169998,115.050003,113.870003,114.790001
DIS,21,April,2017,114.379997,115.120003,114.269997,114.440002
DIS,24,April,2017,115.260002,115.379997,113.660004,113.699997
DIS,25,April,2017,113.730003,115.519997,113.68,115.18
DIS,26,April,2017,115.400002,115.959999,114.860001,115.580002
DIS,27,April,2017,115.800003,116.099998,115.389999,115.839996
DIS,28,April,2017,115.870003,115.900002,115.239998,115.599998
DIS,1,May,2017,115.589996,115.610001,114.720001,114.730003
DIS,2,May,2017,114.870003,114.989998,113.68,114.370003
DIS,3,May,2017,114.029999,114.089996,111.18,111.620003
DIS,4,May,2017,110.580002,111.300003,109.059998,111.169998
DIS,5,May,2017,111.489998,112.150002,110.919998,111.989998
DIS,8,May,2017,112.389999,112.389999,111,111.419998
DIS,9,May,2017,111.550003,112.150002,110.349998,112.07
DIS,10,May,2017,109,109.660004,108.129997,109.660004
DIS,11,May,2017,109.739998,110.010002,108.5,109.580002
DIS,12,May,2017,109.800003,109.889999,109.269997,109.690002
DIS,15,May,2017,109.730003,110.080002,109.120003,109.129997
DIS,16,May,2017,109.129997,109.230003,107.82,107.980003
DIS,17,May,2017,107.980003,107.980003,105.230003,106.309998
DIS,18,May,2017,105.980003,107.309998,105.980003,106.68
DIS,19,May,2017,106.760002,107.860001,106.699997,107.519997
DIS,22,May,2017,107.650002,108.199997,107.410004,107.629997
DIS,23,May,2017,107.68,107.800003,106.910004,107.019997
DIS,24,May,2017,107.150002,107.830002,106.93,107.709999
DIS,25,May,2017,108.129997,108.129997,106.779999,107.269997
DIS,26,May,2017,107.709999,108.489998,107.480003,108.410004
DIS,30,May,2017,108.489998,108.599998,107.949997,108.339996
DIS,31,May,2017,108.400002,108.650002,107.639999,107.940002
DIS,1,June,2017,NaN,NaN,NaN,NaN
DIS,2,June,2017,108.459999,108.639999,106.949997,107.18
DIS,5,June,2017,107.040001,107.220001,106.110001,106.519997
DIS,6,June,2017,106.169998,106.190002,104.610001,105.5
DIS,7,June,2017,105.790001,106.25,105.540001,105.919998
DIS,8,June,2017,105.919998,105.919998,104.160004,104.32
DIS,9,June,2017,NaN,NaN,NaN,NaN
DIS,12,June,2017,105.620003,107.199997,105.620003,107.040001
DIS,13,June,2017,107.139999,107.260002,106.160004,106.559998
DIS,14,June,2017,106.949997,107.010002,105.760002,106.139999
DIS,15,June,2017,105.940002,106.160004,105.230003,105.980003
DIS,16,June,2017,106.279999,106.349998,104.769997,105.510002
DIS,19,June,2017,105.599998,106,105.190002,105.370003
DIS,20,June,2017,105.07,105.300003,103.809998,103.940002
DIS,21,June,2017,104.389999,105.080002,103.540001,104.800003
DIS,22,June,2017,104.709999,104.769997,104.089996,104.220001
DIS,23,June,2017,103.830002,104.580002,103.169998,104.360001
DIS,26,June,2017,104.599998,105.849998,104.559998,105.57
DIS,27,June,2017,105.330002,106.150002,105.139999,105.410004
DIS,28,June,2017,106.019997,107.540001,104.519997,106.860001
DIS,29,June,2017,106.800003,107.410004,105.330002,105.709999
DIS,30,June,2017,106.25,106.559998,105.5,106.25
DIS,3,July,2017,106.760002,108.620003,106.760002,107.459999
DIS,5,July,2017,107.830002,107.849998,105.290001,105.629997
DIS,6,July,2017,104.610001,104.690002,102.940002,103.349998
DIS,7,July,2017,NaN,NaN,NaN,NaN
DIS,10,July,2017,103.300003,103.910004,102.870003,103.589996
DIS,11,July,2017,103.599998,104.190002,103.190002,103.839996
DIS,12,July,2017,104.339996,104.650002,103.650002,104.379997
DIS,13,July,2017,104.449997,105.339996,104.040001,104.290001
DIS,14,July,2017,104.43,105.25,104.410004,105.089996
DIS,17,July,2017,105.169998,105.419998,104.709999,104.790001
DIS,18,July,2017,104.599998,105.800003,104.309998,105.75
DIS,19,July,2017,106.129997,106.870003,106.050003,106.82
DIS,20,July,2017,106.989998,107.709999,106.75,107.360001
DIS,21,July,2017,107.099998,107.330002,106.809998,107.089996
DIS,24,July,2017,107.309998,107.540001,106.900002,107
DIS,25,July,2017,107.599998,107.739998,106.199997,106.419998
DIS,26,July,2017,106.550003,107.029999,106.309998,106.940002
DIS,27,July,2017,107.690002,110,107.440002,110
DIS,28,July,2017,109.980003,110.190002,109.669998,109.959999
DIS,31,July,2017,110.019997,110.139999,109.339996,109.93
DIS,1,August,2017,109.980003,110.830002,109.949997,110.610001
DIS,2,August,2017,109.879997,109.879997,107.519997,108.669998
DIS,3,August,2017,108.519997,109.169998,108.050003,109.120003
DIS,4,August,2017,108.230003,108.5,107.32,107.690002
DIS,7,August,2017,107.589996,107.650002,106.110001,106.349998
DIS,8,August,2017,106.550003,107.139999,106.18,106.980003
DIS,9,August,2017,100.709999,103,100.5,102.830002
DIS,10,August,2017,102.5,102.82,101.220001,101.349998
DIS,11,August,2017,101.25,102.510002,101.029999,101.989998
DIS,14,August,2017,102.800003,102.809998,101.260002,101.400002
DIS,15,August,2017,101.629997,102.099998,101.360001,101.510002
DIS,16,August,2017,101.839996,102.650002,101.720001,102.199997
DIS,17,August,2017,102.239998,102.589996,101.339996,101.379997
DIS,18,August,2017,101.32,101.739998,100.660004,100.699997
DIS,21,August,2017,100.639999,101.419998,100.529999,101.169998
DIS,22,August,2017,101.410004,102.910004,101.169998,102.769997
DIS,23,August,2017,102.480003,102.980003,101.480003,101.5
DIS,24,August,2017,101.82,102.029999,101.43,101.519997
DIS,25,August,2017,101.690002,102.690002,101.559998,102.410004
DIS,28,August,2017,102.489998,102.849998,102.080002,102.559998
DIS,29,August,2017,102,102.989998,101.82,102.57
DIS,30,August,2017,102.480003,103.449997,102.480003,102.870003
DIS,31,August,2017,NaN,NaN,NaN,NaN
DIS,1,September,2017,101.650002,101.919998,101.360001,101.5
DIS,5,September,2017,102,102.550003,100.900002,101.599998
DIS,6,September,2017,101.760002,102.040001,100.889999,101.5
DIS,7,September,2017,101.550003,101.860001,96.199997,97.059998
DIS,8,September,2017,96.489998,97.489998,96.260002,97.07
DIS,11,September,2017,97.900002,98.019997,96.959999,97.089996
DIS,12,September,2017,97.589996,98.360001,97.129997,97.889999
DIS,13,September,2017,98.239998,98.949997,98.019997,98.82
DIS,14,September,2017,98.790001,98.839996,97.540001,97.900002
DIS,15,September,2017,98.050003,98.93,98,98.519997
DIS,18,September,2017,98.389999,98.720001,97.720001,98.099998
DIS,19,September,2017,98.230003,98.669998,98.080002,98.43
DIS,20,September,2017,98.760002,99.279999,98.620003,99.209999
DIS,21,September,2017,NaN,NaN,NaN,NaN
DIS,22,September,2017,98.550003,98.989998,98.529999,98.599998
DIS,25,September,2017,98.599998,99.650002,98.419998,99.57
DIS,26,September,2017,99.639999,99.739998,98.610001,98.629997
DIS,27,September,2017,98.970001,99.529999,98.019997,99.239998
DIS,28,September,2017,98.769997,99.050003,98,98.050003
DIS,29,September,2017,97.889999,98.589996,97.660004,98.57
DIS,2,October,2017,99.309998,100.440002,99.110001,99.860001
DIS,3,October,2017,100.050003,100.849998,99.910004,100.790001
DIS,4,October,2017,100.739998,100.93,100.199997,100.550003
DIS,5,October,2017,100.639999,100.870003,100.019997,100.110001
DIS,6,October,2017,99.949997,100.269997,99.339996,100.07
DIS,9,October,2017,100.809998,100.980003,99.449997,99.57
DIS,10,October,2017,99.989998,100.07,98.660004,99.580002
DIS,11,October,2017,99.580002,99.580002,98.050003,98.550003
DIS,12,October,2017,97.559998,97.82,96.809998,96.93
DIS,13,October,2017,96.800003,97.68,96.800003,97.379997
DIS,16,October,2017,97.639999,98.269997,97.540001,98.129997
DIS,17,October,2017,NaN,NaN,NaN,NaN
DIS,18,October,2017,98.360001,98.489998,97.550003,98.25
DIS,19,October,2017,98.190002,99.300003,98.110001,99.010002
DIS,20,October,2017,99.449997,99.660004,98.940002,99.400002
DIS,23,October,2017,99.120003,99.18,98.629997,98.699997
DIS,24,October,2017,98.519997,98.860001,98.059998,98.290001
DIS,25,October,2017,98.050003,98.220001,97.449997,97.800003
DIS,26,October,2017,97.580002,99.480003,97.25,98.559998
DIS,27,October,2017,97.900002,98.360001,96.889999,98.309998
DIS,30,October,2017,98.120003,98.330002,97.699997,98.040001
DIS,31,October,2017,NaN,NaN,NaN,NaN
DIS,1,November,2017,98.129997,99.459999,98,99.029999
DIS,2,November,2017,98.870003,99.120003,98.019997,98.349998
DIS,3,November,2017,98.360001,99.379997,97.900002,98.639999
DIS,6,November,2017,98.370003,101.129997,98.349998,100.639999
DIS,7,November,2017,101.290001,102.900002,100.739998,101.610001
DIS,8,November,2017,101.879997,102,100.419998,101.18
DIS,9,November,2017,100.830002,103.910004,100.800003,102.68
DIS,10,November,2017,104.989998,106.239998,104.080002,104.779999
DIS,13,November,2017,104.139999,105.139999,103.980003,104.739998
DIS,14,November,2017,104.57,104.57,103,103.169998
DIS,15,November,2017,102.75,103.959999,102.449997,103.690002
DIS,16,November,2017,103.629997,103.980003,102.760002,103.599998
DIS,17,November,2017,103.220001,103.989998,102.970001,103.440002
DIS,20,November,2017,103.419998,103.419998,102.699997,102.75
DIS,21,November,2017,102.970001,103.169998,102.790001,103
DIS,22,November,2017,103.220001,103.32,102.690002,102.739998
DIS,24,November,2017,102.910004,102.919998,102.449997,102.639999
DIS,27,November,2017,102.629997,102.970001,102.379997,102.790001
DIS,28,November,2017,102.559998,103.879997,102.169998,103.410004
DIS,29,November,2017,103.5,106.260002,103.43,105.239998
DIS,30,November,2017,NaN,NaN,NaN,NaN
DIS,1,December,2017,104.580002,105.849998,103.870003,105.25
DIS,4,December,2017,106.5,112.669998,106.5,110.220001
DIS,5,December,2017,109.529999,110.040001,106.519997,107.220001
DIS,6,December,2017,107.169998,107.989998,105.360001,105.459999
DIS,7,December,2017,105.739998,106,104.489998,105.260002
DIS,8,December,2017,104.910004,104.980003,104.080002,104.230003
DIS,11,December,2017,104.870003,106.839996,104.769997,106.830002
DIS,12,December,2017,107.139999,107.830002,106.589996,107.43
DIS,13,December,2017,108.150002,108.190002,106.75,107.610001
DIS,14,December,2017,NaN,NaN,NaN,NaN
DIS,15,December,2017,111.980003,112,110.599998,111.269997
DIS,18,December,2017,111.839996,111.989998,110.309998,111.029999
DIS,19,December,2017,111.330002,112.389999,110.769997,111.809998
DIS,20,December,2017,111.620003,112.300003,109.690002,109.690002
DIS,21,December,2017,109.720001,111.089996,109.190002,109.57
DIS,22,December,2017,109.489998,109.690002,108.449997,108.669998
DIS,26,December,2017,NaN,NaN,NaN,NaN
DIS,27,December,2017,NaN,NaN,NaN,NaN
DIS,28,December,2017,108,108.050003,107.059998,107.769997
DIS,29,December,2017,108.050003,108.339996,107.510002,107.510002
DIS,2,January,2018,108.949997,111.809998,108.559998,111.800003
DIS,3,January,2018,112.190002,113.190002,111.449997,112.279999
DIS,4,January,2018,112.949997,113,111.629997,112.230003
DIS,5,January,2018,112.68,112.68,111.239998,111.620003
DIS,8,January,2018,110.889999,111.279999,109.540001,110.019997
DIS,9,January,2018,110.129997,110.860001,109.860001,109.940002
DIS,10,January,2018,109.959999,110.5,109.010002,109.470001
DIS,11,January,2018,110.25,111.080002,109.510002,110.989998
DIS,12,January,2018,111.32,112.720001,111,112.470001
DIS,16,January,2018,113.07,113.160004,110.620003,110.690002
DIS,17,January,2018,111.199997,112.209999,110.57,111.970001
DIS,18,January,2018,111.739998,111.989998,110.199997,110.419998
DIS,19,January,2018,110.970001,111.089996,109.839996,110.589996
DIS,22,January,2018,NaN,NaN,NaN,NaN
DIS,23,January,2018,110.269997,111.139999,109.889999,110.410004
DIS,24,January,2018,110.959999,111.43,110.290001,110.5
DIS,25,January,2018,110.599998,111.82,110.120003,110.550003
DIS,26,January,2018,110.809998,112.529999,110.669998,112.190002
DIS,29,January,2018,NaN,NaN,NaN,NaN
DIS,30,January,2018,111.419998,112.419998,110.099998,110.110001
DIS,31,January,2018,110.080002,110.120003,108.470001,108.669998
DIS,1,February,2018,108.620003,110.650002,107.360001,110.489998
DIS,2,February,2018,109.949997,110.580002,108.449997,108.699997
DIS,5,February,2018,107.099998,108.629997,104.010002,104.699997
DIS,6,February,2018,102.879997,106.199997,101.760002,106.169998
DIS,7,February,2018,107.830002,108.029999,104.410004,104.760002
DIS,8,February,2018,105.470001,105.82,101.190002,101.349998
DIS,9,February,2018,102.550003,103.75,100.260002,103.089996
DIS,12,February,2018,103.93,104.639999,102.099998,103.389999
DIS,13,February,2018,NaN,NaN,NaN,NaN
DIS,14,February,2018,103.489998,104.760002,102.690002,104.599998
DIS,15,February,2018,105.360001,105.57,103.93,105.18
DIS,16,February,2018,105.190002,107.349998,105.190002,106.529999
DIS,20,February,2018,106.370003,107.57,105.519997,105.980003
DIS,21,February,2018,106,106.910004,105.019997,105.050003
DIS,22,February,2018,105.309998,106.010002,104.93,105.239998
DIS,23,February,2018,105.75,107.360001,105.43,107.25
DIS,26,February,2018,108,109.809998,107.669998,109.809998
DIS,27,February,2018,108,108.160004,104.849998,104.870003
DIS,28,February,2018,105.449997,105.57,103.139999,103.160004
DIS,1,March,2018,103.199997,104.029999,101.330002,102.57
DIS,2,March,2018,102,103.169998,101.440002,102.989998
DIS,5,March,2018,102.709999,103.970001,102.419998,103.410004
DIS,6,March,2018,104,104.949997,103.510002,104.940002
DIS,7,March,2018,103.720001,104.239998,102.769997,103.589996
DIS,8,March,2018,103.989998,104.589996,103.470001,104.029999
DIS,9,March,2018,104.43,104.75,103.639999,104.730003
DIS,12,March,2018,104.720001,105.940002,104.720001,105.169998
DIS,13,March,2018,105.830002,105.830002,103.419998,103.730003
DIS,14,March,2018,104.529999,104.650002,103.470001,103.900002
DIS,15,March,2018,104,104.290001,103.239998,103.239998
DIS,16,March,2018,103.559998,104.269997,102.839996,102.870003
DIS,19,March,2018,102.800003,102.949997,101,101.480003
DIS,20,March,2018,101.540001,102.150002,100.75,101.349998
DIS,21,March,2018,101.5,102.940002,101.419998,101.82
DIS,22,March,2018,101.290001,101.639999,100.410004,100.599998
DIS,23,March,2018,100.849998,101.110001,98.449997,98.540001
DIS,26,March,2018,99.860001,100.779999,99.080002,100.650002
DIS,27,March,2018,100.879997,101.18,98.889999,99.360001
DIS,28,March,2018,99.5,100.080002,98.150002,98.540001
DIS,29,March,2018,99.010002,101.279999,98.860001,100.440002
DIS,2,April,2018,100.18,100.989998,97.779999,98.660004
DIS,3,April,2018,98.800003,99.489998,97.699997,99.419998
DIS,4,April,2018,98.43,101.150002,97.760002,100.949997
DIS,5,April,2018,101.360001,102.379997,100.980003,102.110001
DIS,6,April,2018,101.629997,102.190002,99.449997,100.349998
DIS,9,April,2018,100.699997,101.510002,99.580002,99.699997
DIS,10,April,2018,100.919998,101.529999,100.32,101.370003
DIS,11,April,2018,NaN,NaN,NaN,NaN
DIS,12,April,2018,101.419998,101.510002,99.68,100.389999
DIS,13,April,2018,101,101.519997,100.160004,100.349998
DIS,16,April,2018,100.690002,101,99.730003,100.239998
DIS,17,April,2018,NaN,NaN,NaN,NaN
DIS,18,April,2018,NaN,NaN,NaN,NaN
DIS,19,April,2018,101,101.580002,100.220001,100.889999
DIS,20,April,2018,101.18,101.400002,99.910004,100.239998
DIS,23,April,2018,100.550003,100.720001,99.529999,100.150002
DIS,24,April,2018,100.580002,100.849998,98.860001,99.459999
DIS,25,April,2018,99.5,101.489998,99.050003,101.150002
DIS,26,April,2018,101.230003,101.379997,99.739998,99.839996
DIS,27,April,2018,99.779999,99.989998,98.940002,99.230003
DIS,30,April,2018,100.410004,101.370003,100.120003,100.330002
DIS,1,May,2018,100.18,100.699997,98.93,100.059998
DIS,2,May,2018,100.169998,100.720001,99.25,99.620003
DIS,3,May,2018,99.110001,99.25,97.68,98.760002
DIS,4,May,2018,98.709999,101.349998,98.580002,101.150002
DIS,7,May,2018,102.349998,102.68,101.720001,102.480003
DIS,8,May,2018,NaN,NaN,NaN,NaN
DIS,9,May,2018,102.25,102.269997,99.300003,99.970001
DIS,10,May,2018,100.419998,102.07,100.300003,101.68
DIS,11,May,2018,101.889999,102.209999,101.260002,102.07
DIS,14,May,2018,102.440002,103.489998,101.980003,102.440002
DIS,15,May,2018,NaN,NaN,NaN,NaN
DIS,16,May,2018,103.25,105.040001,103.150002,105.040001
DIS,17,May,2018,105.230003,105.480003,104.089996,104.339996
DIS,18,May,2018,104.339996,104.790001,103.559998,103.93
DIS,21,May,2018,104.220001,104.68,103.610001,104.059998
DIS,22,May,2018,104.400002,105.489998,103.989998,104.07
DIS,23,May,2018,103.199997,103.339996,102.07,102.889999
DIS,24,May,2018,102.809998,102.860001,101.209999,102.110001
DIS,25,May,2018,102.25,103,101.970001,102.199997
DIS,29,May,2018,NaN,NaN,NaN,NaN
DIS,30,May,2018,100.5,100.550003,99.419998,99.980003
DIS,31,May,2018,99.760002,100.139999,98.809998,99.470001
DIS,1,June,2018,NaN,NaN,NaN,NaN
DIS,4,June,2018,99.760002,100.5,99.699997,100.239998
DIS,5,June,2018,100.360001,100.510002,99.779999,99.940002
DIS,6,June,2018,100.059998,101.940002,99.760002,101.910004
DIS,7,June,2018,101.910004,102.959999,101.809998,102.470001
DIS,8,June,2018,102.089996,103.989998,101.830002,103.980003
DIS,11,June,2018,103.93,104.790001,103.75,104.349998
DIS,12,June,2018,104.730003,105.220001,103.959999,104.330002
DIS,13,June,2018,103.199997,107.879997,102.669998,106.309998
DIS,14,June,2018,NaN,NaN,NaN,NaN
DIS,15,June,2018,108.169998,109.419998,107.849998,108.849998
DIS,18,June,2018,107,107.480003,106.5,107.059998
DIS,19,June,2018,NaN,NaN,NaN,NaN
DIS,20,June,2018,107,107.900002,105.809998,107.150002
DIS,21,June,2018,107.010002,107.25,105.790001,105.889999
DIS,22,June,2018,106.07,106.800003,105.809998,106.339996
DIS,25,June,2018,NaN,NaN,NaN,NaN
DIS,26,June,2018,104.459999,104.709999,103.910004,104.260002
DIS,27,June,2018,104.5,105.879997,103.480003,103.959999
DIS,28,June,2018,103.910004,105.120003,103.68,104.769997
DIS,29,June,2018,104.93,105.68,104.650002,104.809998
DIS,2,July,2018,104.150002,105.370003,103.900002,105.330002
DIS,3,July,2018,105.879997,105.949997,103.5,104.040001
DIS,5,July,2018,104.699997,105.599998,104.43,105.339996
DIS,6,July,2018,104.5,105.040001,104.040001,104.779999
DIS,9,July,2018,105.010002,106.07,104.75,106.019997
DIS,10,July,2018,106.25,106.57,104.830002,106.029999
DIS,11,July,2018,105.32,109.339996,105.32,108.040001
DIS,12,July,2018,108.050003,109.199997,107.82,108.25
DIS,13,July,2018,108,110.239998,107.660004,110
DIS,16,July,2018,NaN,NaN,NaN,NaN
DIS,17,July,2018,110.260002,112.620003,110.089996,110.300003
DIS,18,July,2018,110.309998,111.059998,109.650002,110.690002
DIS,19,July,2018,111.540001,114.68,111.300003,112.129997
DIS,20,July,2018,112.150002,112.199997,110.830002,111.480003
DIS,23,July,2018,NaN,NaN,NaN,NaN
DIS,24,July,2018,111.839996,111.889999,110.540001,110.699997
DIS,25,July,2018,110.639999,111.419998,109.629997,111.18
DIS,26,July,2018,112.150002,114.559998,111.68,113.510002
DIS,27,July,2018,114,114.050003,111.919998,112.620003
DIS,30,July,2018,112.199997,113.339996,112.050003,112.629997
DIS,31,July,2018,112.550003,114.050003,112.360001,113.559998
DIS,1,August,2018,113.68,113.830002,112.589996,112.970001
DIS,2,August,2018,112.5,113.32,111.68,112.75
DIS,3,August,2018,113.199997,114.099998,112.400002,114.089996
DIS,6,August,2018,114.660004,116.839996,114.160004,115.940002
DIS,7,August,2018,116.57,117.900002,116.239998,116.559998
DIS,8,August,2018,115.900002,116.410004,113.900002,113.980003
DIS,9,August,2018,114.050003,114.800003,112.809998,114.160004
DIS,10,August,2018,113.580002,113.800003,112.400002,112.68
DIS,13,August,2018,112.660004,112.839996,111.720001,112.120003
DIS,14,August,2018,112.379997,113.190002,111.949997,112.75
DIS,15,August,2018,112.18,113.120003,111.470001,112.849998
DIS,16,August,2018,113.300003,113.330002,112.400002,112.480003
DIS,17,August,2018,112.510002,112.860001,111.889999,112.480003
DIS,20,August,2018,112.93,113,111.910004,111.989998
DIS,21,August,2018,112.25,113,112,112.389999
DIS,22,August,2018,112.440002,112.75,111.940002,111.940002
DIS,23,August,2018,111.940002,112.139999,111.529999,112
DIS,24,August,2018,111.629997,112.699997,111.440002,111.93
DIS,27,August,2018,112.489998,112.889999,112.07,112.330002
DIS,28,August,2018,112.57,112.790001,112.199997,112.580002
DIS,29,August,2018,112.580002,112.720001,112.019997,112.449997
DIS,30,August,2018,112.07,112.419998,111.589996,111.919998
DIS,31,August,2018,111.900002,112.279999,111.559998,112.019997
DIS,4,September,2018,111.800003,112,110.650002,110.849998
DIS,5,September,2018,110.580002,110.82,109.699997,109.870003
DIS,6,September,2018,110,110.410004,109.360001,110.260002
DIS,7,September,2018,110.080002,111.349998,110.010002,110.970001
DIS,10,September,2018,111.440002,111.910004,110.370003,110.68
DIS,11,September,2018,110.5,110.610001,109.510002,109.599998
DIS,12,September,2018,109.25,110.25,109.18,109.459999
DIS,13,September,2018,NaN,NaN,NaN,NaN
DIS,14,September,2018,110.919998,111.25,108.879997,109.260002
DIS,17,September,2018,109.580002,109.879997,108.610001,109.360001
DIS,18,September,2018,108.889999,109.75,108.230003,109.529999
DIS,19,September,2018,109.629997,110.18,109.480003,109.790001
DIS,20,September,2018,110.580002,111.949997,109.940002,111.620003
DIS,21,September,2018,111.949997,111.980003,110.400002,110.400002
DIS,24,September,2018,112.269997,113.139999,111.699997,112.769997
DIS,25,September,2018,113.309998,114.709999,112.650002,113.629997
DIS,26,September,2018,114.010002,116.32,114.010002,115.209999
DIS,27,September,2018,115.190002,116.599998,115.099998,116.040001
DIS,28,September,2018,NaN,NaN,NaN,NaN
DIS,1,October,2018,117.279999,117.400002,115.68,116.239998
DIS,2,October,2018,115.550003,117.699997,115.300003,117.660004
DIS,3,October,2018,117.949997,118.099998,116.739998,116.910004
DIS,4,October,2018,117,117.169998,115.120003,116.129997
DIS,5,October,2018,116,116.580002,114.730003,114.779999
DIS,8,October,2018,NaN,NaN,NaN,NaN
DIS,9,October,2018,116.620003,117.769997,116.040001,116.889999
DIS,10,October,2018,116.839996,117.230003,112.730003,112.860001
DIS,11,October,2018,112.5,113.25,110.32,111.150002
DIS,12,October,2018,111.970001,113.269997,111.230003,112.610001
DIS,15,October,2018,111.93,114.620003,111.889999,113.440002
DIS,16,October,2018,114.339996,116.370003,113.839996,116.190002
DIS,17,October,2018,116.099998,117.220001,115.43,117.129997
DIS,18,October,2018,116.75,117.129997,115.580002,116.18
DIS,19,October,2018,117.419998,119.169998,117.220001,118.900002
DIS,22,October,2018,119.050003,119.690002,117.720001,118.269997
DIS,23,October,2018,116.949997,118.489998,115.410004,117.849998
DIS,24,October,2018,117.059998,117.059998,111.25,111.610001
DIS,25,October,2018,112.620003,114.690002,112.120003,114.160004
DIS,26,October,2018,112.839996,114.139999,112.099998,113.190002
DIS,29,October,2018,114.449997,114.940002,111.959999,113.040001
DIS,30,October,2018,113.389999,114.889999,112.410004,114.760002
DIS,31,October,2018,116.230003,116.519997,114.68,114.830002
DIS,1,November,2018,115.199997,116.279999,114.900002,116.099998
DIS,2,November,2018,116.830002,116.949997,114.370003,115.18
DIS,5,November,2018,115.739998,116.220001,115.120003,115.449997
DIS,6,November,2018,115.739998,116.839996,115.449997,116.709999
DIS,7,November,2018,116.57,117.290001,115.160004,117.050003
DIS,8,November,2018,117.449997,117.830002,115.209999,116
DIS,9,November,2018,NaN,NaN,NaN,NaN
DIS,12,November,2018,118,118.459999,116.599998,116.699997
DIS,13,November,2018,117.110001,117.779999,116.18,116.849998
DIS,14,November,2018,117.440002,118.220001,116.440002,117.120003
DIS,15,November,2018,116.489998,117.43,115.699997,117.110001
DIS,16,November,2018,NaN,NaN,NaN,NaN
DIS,19,November,2018,116,117.830002,114.790001,115.419998
DIS,20,November,2018,113.519997,114.589996,111.519997,111.870003
DIS,21,November,2018,NaN,NaN,NaN,NaN
DIS,23,November,2018,112.239998,112.790001,111.739998,112.080002
DIS,26,November,2018,113.18,113.18,111.919998,112.550003
DIS,27,November,2018,113.610001,114.099998,112.410004,113.900002
DIS,28,November,2018,114.32,116.300003,114.050003,116.099998
DIS,29,November,2018,115.75,117.139999,115.209999,116.610001
DIS,30,November,2018,116.839996,117.07,115.059998,115.489998
DIS,3,December,2018,116.650002,116.919998,114.910004,115.739998
DIS,4,December,2018,115.620003,116.290001,112.660004,112.870003
DIS,6,December,2018,112.059998,114.339996,111.160004,114.330002
DIS,7,December,2018,113.860001,113.989998,111.610001,111.980003
DIS,10,December,2018,111.989998,112.290001,109.529999,111.860001
DIS,11,December,2018,112.970001,113.720001,111.43,111.970001
DIS,12,December,2018,113,113.980003,112.150002,112.209999
DIS,13,December,2018,112.870003,113.599998,112.339996,113.389999
DIS,14,December,2018,112.370003,113.919998,112.050003,112.199997
DIS,17,December,2018,112.290001,112.889999,110.029999,110.620003
DIS,18,December,2018,110.870003,111.080002,108.900002,109.449997
DIS,19,December,2018,110,112.129997,108.949997,109.220001
DIS,20,December,2018,108.75,109.209999,106.129997,107
DIS,21,December,2018,106.470001,108.75,103.860001,104.220001
DIS,24,December,2018,NaN,NaN,NaN,NaN
DIS,26,December,2018,100.489998,105.849998,100.379997,105.830002
DIS,27,December,2018,104.410004,106.550003,102.800003,106.519997
DIS,28,December,2018,107.279999,108.519997,106.190002,107.300003
